minute_start,count
1591093906.0,51573
1591093966.0,51853
1591094026.0,52303
1591094086.0,52507
1591094146.0,51832
1591094206.0,52022
1591094266.0,52307
1591094326.0,52559
1591094386.0,52862
1591094446.0,53207
1591094506.0,53506
1591094566.0,53758
1591094626.0,52885
1591094686.0,53224
1591094746.0,53121
1591094806.0,53135
1591094866.0,53435
1591094926.0,53219
1591094986.0,53365
1591095046.0,53826
1591095106.0,53194
1591095166.0,53170
1591095226.0,52633
1591095286.0,53112
1591095346.0,52882
1591095406.0,52772
1591095466.0,52954
1591095526.0,52860
1591095586.0,53658
1591095646.0,53581
1591095706.0,54434
1591095766.0,55190
1591095826.0,55864
1591095886.0,56200
1591095946.0,55740
1591096006.0,55715
1591096066.0,55586
1591096126.0,55618
1591096186.0,56715
1591096246.0,55571
1591096306.0,55510
1591096366.0,55370
1591096426.0,55334
1591096486.0,55621
1591096546.0,55863
1591096606.0,57362
1591096666.0,56764
1591096726.0,56954
1591096786.0,57450
1591096846.0,57148
1591096906.0,58238
1591096966.0,56642
1591097026.0,56370
1591097086.0,56781
1591097146.0,58587
1591097206.0,57438
1591097266.0,57805
1591097326.0,57926
1591097386.0,57821
1591097446.0,57965
1591097506.0,58349
1591097566.0,59719
1591097626.0,58321
1591097686.0,58935
1591097746.0,58621
1591097806.0,57575
1591097866.0,57778
1591097926.0,58695
1591097986.0,58328
1591098046.0,58416
1591098106.0,58313
1591098166.0,57976
1591098226.0,58642
1591098286.0,59225
1591098346.0,59917
1591098406.0,59016
1591098466.0,60716
1591098526.0,60115
1591098586.0,60343
1591098646.0,60322
1591098706.0,59526
1591098766.0,60432
1591098826.0,59173
1591098886.0,59229
1591098946.0,59519
1591099006.0,59373
1591099066.0,59432
1591099126.0,59339
1591099186.0,60969
1591099246.0,61549
1591099306.0,60730
1591099366.0,63565
1591099426.0,62028
1591099486.0,62483
1591099546.0,62839
1591099606.0,61720
1591099666.0,61509
1591099726.0,61323
1591099786.0,61558
1591099846.0,61636
1591099906.0,63134
1591099966.0,61580
1591100026.0,62108
1591100086.0,62581
1591100146.0,61795
1591100206.0,62265
1591100266.0,62059
1591100326.0,62167
1591100386.0,62530
1591100446.0,62798
1591100506.0,63178
1591100566.0,62444
1591100626.0,62388
1591100686.0,63038
1591100746.0,63340
1591100806.0,63465
1591100866.0,62899
1591100926.0,62823
1591100986.0,63186
1591101046.0,63082
1591101106.0,63256
1591101166.0,63425
1591101226.0,64161
1591101286.0,63979
1591101346.0,64003
1591101406.0,65146
1591101466.0,64239
1591101526.0,64517
1591101586.0,63816
1591101646.0,63923
1591101706.0,64483
1591101766.0,64026
1591101826.0,64716
1591101886.0,65501
1591101946.0,66913
1591102006.0,65818
1591102066.0,66762
1591102126.0,65839
1591102186.0,66068
1591102246.0,65906
1591102306.0,65613
1591102366.0,65575
1591102426.0,65004
1591102486.0,64949
1591102546.0,64540
1591102606.0,65349
1591102666.0,64522
1591102726.0,64947
1591102786.0,65567
1591102846.0,65400
1591102906.0,66187
1591102966.0,65549
1591103026.0,66467
1591103086.0,66342
1591103146.0,66051
1591103206.0,66801
1591103266.0,67350
1591103326.0,64934
1591103386.0,65156
1591103446.0,65187
1591103506.0,65402
1591103566.0,65069
1591103626.0,65290
1591103686.0,65578
1591103746.0,65508
1591103806.0,65774
1591103866.0,65532
1591103926.0,65081
1591103986.0,66120
1591104046.0,65747
1591104106.0,65757
1591104166.0,65134
1591104226.0,65029
1591104286.0,66729
1591104346.0,66260
1591104406.0,66046
1591104466.0,66137
1591104526.0,65641
1591104586.0,67071
1591104646.0,65537
1591104706.0,65195
1591104766.0,66393
1591104826.0,66290
1591104886.0,65664
1591104946.0,65760
1591105006.0,64960
1591105066.0,64309
1591105126.0,64636
1591105186.0,64745
1591105246.0,64859
1591105306.0,64920
1591105366.0,64744
1591105426.0,64564
1591105486.0,65618
1591105546.0,65017
1591105606.0,64614
1591105666.0,64890
1591105726.0,65244
1591105786.0,65586
1591105846.0,65243
1591105906.0,64656
1591105966.0,65417
1591106026.0,64049
1591106086.0,63947
1591106146.0,64270
1591106206.0,64076
1591106266.0,64191
1591106326.0,64693
1591106386.0,64132
1591106446.0,63635
1591106506.0,64641
1591106566.0,63835
1591106626.0,64980
1591106686.0,64600
1591106746.0,64445
1591106806.0,63772
1591106866.0,63497
1591106926.0,63778
1591106986.0,64181
1591107046.0,64104
1591107106.0,63499
1591107166.0,63374
1591107226.0,63661
1591107286.0,63380
1591107346.0,62905
1591107406.0,63921
1591107466.0,63156
1591107526.0,63002
1591107586.0,62670
1591107646.0,62479
1591107706.0,62556
1591107766.0,62122
1591107826.0,61766
1591107886.0,61460
1591107946.0,61621
1591108006.0,60874
1591108066.0,60931
1591108126.0,61107
1591108186.0,61438
1591108246.0,61416
1591108306.0,60852
1591108366.0,61802
1591108426.0,61741
1591108486.0,61364
1591108546.0,61128
1591108606.0,60811
1591108666.0,61067
1591108726.0,61659
1591108786.0,60411
1591108846.0,60205
1591108906.0,59785
1591108966.0,59758
1591109026.0,59856
1591109086.0,59950
1591109146.0,60377
1591109206.0,59503
1591109266.0,60398
1591109326.0,59712
1591109386.0,59619
1591109446.0,59119
1591109506.0,58359
1591109566.0,57524
1591109626.0,56837
1591109686.0,57025
1591109746.0,56589
1591109806.0,56637
1591109866.0,56571
1591109926.0,56134
1591109986.0,56014
1591110046.0,56821
1591110106.0,56920
1591110166.0,56741
1591110226.0,57116
1591110286.0,56846
1591110346.0,56344
1591110406.0,56045
1591110466.0,55891
1591110526.0,55457
1591110586.0,55350
1591110646.0,54872
1591110706.0,54809
1591110766.0,54752
1591110826.0,54235
1591110886.0,54836
1591110946.0,53902
1591111006.0,53962
1591111066.0,54034
1591111126.0,53193
1591111186.0,53775
1591111246.0,53668
1591111306.0,54055
1591111366.0,52684
1591111426.0,52454
1591111486.0,52270
1591111546.0,52190
1591111606.0,52723
1591111666.0,52134
1591111726.0,54661
1591111786.0,51949
1591111846.0,52433
1591111906.0,50585
1591111966.0,50512
1591112026.0,50523
1591112086.0,50784
1591112146.0,50431
1591112206.0,50127
1591112266.0,50308
1591112326.0,49778
1591112386.0,49677
1591112446.0,50100
1591112506.0,49654
1591112566.0,49815
1591112626.0,49633
1591112686.0,49912
1591112746.0,49813
1591112806.0,50027
1591112866.0,51799
1591112926.0,50456
1591112986.0,50454
1591113046.0,50256
1591113106.0,48957
1591113166.0,48496
1591113226.0,48023
1591113286.0,48275
1591113346.0,48026
1591113406.0,47623
1591113466.0,47668
1591113526.0,47631
1591113586.0,47727
1591113646.0,48297
1591113706.0,48330
1591113766.0,48658
1591113826.0,48545
1591113886.0,48280
1591113946.0,47847
1591114006.0,47943
1591114066.0,48126
1591114126.0,48939
1591114186.0,48426
1591114246.0,47986
1591114306.0,48050
1591114366.0,48003
1591114426.0,47815
1591114486.0,47918
1591114546.0,47631
1591114606.0,47631
1591114666.0,48220
1591114726.0,48923
1591114786.0,49293
1591114846.0,49244
1591114906.0,48653
1591114966.0,47975
1591115026.0,47750
1591115086.0,47367
1591115146.0,47886
1591115206.0,47077
1591115266.0,47335
1591115326.0,47948
1591115386.0,48614
1591115446.0,47609
1591115506.0,46392
1591115566.0,46634
1591115626.0,46759
1591115686.0,46212
1591115746.0,46461
1591115806.0,46173
1591115866.0,46984
1591115926.0,46364
1591115986.0,46654
1591116046.0,47547
1591116106.0,46107
1591116166.0,46198
1591116226.0,45829
1591116286.0,46005
1591116346.0,45704
1591116406.0,46096
1591116466.0,45975
1591116526.0,46393
1591116586.0,46810
1591116646.0,46087
1591116706.0,45171
1591116766.0,44735
1591116826.0,44694
1591116886.0,44815
1591116946.0,44670
1591117006.0,44573
1591117066.0,46478
1591117126.0,44404
1591117186.0,45174
1591117246.0,45018
1591117306.0,45135
1591117366.0,45273
1591117426.0,45063
1591117486.0,45244
1591117546.0,44526
1591117606.0,44101
1591117666.0,44226
1591117726.0,45305
1591117786.0,44472
1591117846.0,43811
1591117906.0,43410
1591117966.0,42833
1591118026.0,42932
1591118086.0,43231
1591118146.0,42586
1591118206.0,43005
1591118266.0,43581
1591118326.0,44810
1591118386.0,44121
1591118446.0,44365
1591118506.0,43718
1591118566.0,43875
1591118626.0,43328
1591118686.0,43390
1591118746.0,42784
1591118806.0,43283
1591118866.0,42467
1591118926.0,42426
1591118986.0,42841
1591119046.0,42701
1591119106.0,43417
1591119166.0,42182
1591119226.0,42382
1591119286.0,42051
1591119346.0,42156
1591119406.0,42273
1591119466.0,42007
1591119526.0,41976
1591119586.0,42433
1591119646.0,42165
1591119706.0,41725
1591119766.0,41924
1591119826.0,41808
1591119886.0,41919
1591119946.0,41679
1591120006.0,41692
1591120066.0,42106
1591120126.0,42809
1591120186.0,41865
1591120246.0,41362
1591120306.0,40922
1591120366.0,39990
1591120426.0,39712
1591120486.0,40122
1591120546.0,39428
1591120606.0,40536
1591120666.0,39632
1591120726.0,39790
1591120786.0,39470
1591120846.0,39421
1591120906.0,39587
1591120966.0,39562
1591121026.0,39363
1591121086.0,39515
1591121146.0,39012
1591121206.0,39379
1591121266.0,39134
1591121326.0,39023
1591121386.0,39316
1591121446.0,38834
1591121506.0,38494
1591121566.0,37816
1591121626.0,37870
1591121686.0,38244
1591121746.0,37935
1591121806.0,37843
1591121866.0,37459
1591121926.0,38434
1591121986.0,37421
1591122046.0,37724
1591122106.0,37176
1591122166.0,36678
1591122226.0,36974
1591122286.0,37416
1591122346.0,36558
1591122406.0,36463
1591122466.0,36558
1591122526.0,36583
1591122586.0,36288
1591122646.0,36661
1591122706.0,36602
1591122766.0,36536
1591122826.0,36160
1591122886.0,35647
1591122946.0,35371
1591123006.0,35202
1591123066.0,35309
1591123126.0,35870
1591123186.0,35088
1591123246.0,34535
1591123306.0,34426
1591123366.0,34858
1591123426.0,35000
1591123486.0,35199
1591123546.0,35756
1591123606.0,34844
1591123666.0,34820
1591123726.0,34425
1591123786.0,33998
1591123846.0,35369
1591123906.0,34488
1591123966.0,33753
1591124026.0,33142
1591124086.0,33489
1591124146.0,33164
1591124206.0,32940
1591124266.0,33512
1591124326.0,33321
1591124386.0,33630
1591124446.0,33050
1591124506.0,32782
1591124566.0,32668
1591124626.0,32509
1591124686.0,32722
1591124746.0,33420
1591124806.0,33032
1591124866.0,33063
1591124926.0,33351
1591124986.0,32326
1591125046.0,32553
1591125106.0,32411
1591125166.0,32109
1591125226.0,32069
1591125286.0,31802
1591125346.0,31731
1591125406.0,31760
1591125466.0,31533
1591125526.0,32668
1591125586.0,32154
1591125646.0,31846
1591125706.0,31114
1591125766.0,31196
1591125826.0,31185
1591125886.0,32454
1591125946.0,30982
1591126006.0,30637
1591126066.0,30421
1591126126.0,30214
1591126186.0,30502
1591126246.0,31660
1591126306.0,30970
1591126366.0,31546
1591126426.0,30616
1591126486.0,31270
1591126546.0,30729
1591126606.0,30429
1591126666.0,30800
1591126726.0,30683
1591126786.0,30957
1591126846.0,31629
1591126906.0,30257
1591126966.0,30053
1591127026.0,29826
1591127086.0,30003
1591127146.0,29761
1591127206.0,30889
1591127266.0,29277
1591127326.0,29247
1591127386.0,29236
1591127446.0,29478
1591127506.0,28788
1591127566.0,28334
1591127626.0,27904
1591127686.0,28383
1591127746.0,28482
1591127806.0,27996
1591127866.0,27952
1591127926.0,28614
1591127986.0,28881
1591128046.0,29339
1591128106.0,28176
1591128166.0,28168
1591128226.0,28027
1591128286.0,27822
1591128346.0,27550
1591128406.0,27572
1591128466.0,27734
1591128526.0,27236
1591128586.0,27394
1591128646.0,27012
1591128706.0,26992
1591128766.0,27631
1591128826.0,26096
1591128886.0,26314
1591128946.0,25636
1591129006.0,26388
1591129066.0,25825
1591129126.0,25443
1591129186.0,25787
1591129246.0,25779
1591129306.0,24845
1591129366.0,25100
1591129426.0,25245
1591129486.0,25167
1591129546.0,24669
1591129606.0,24542
1591129666.0,24069
1591129726.0,23943
1591129786.0,23958
1591129846.0,23245
1591129906.0,22791
1591129966.0,22251
1591130026.0,22222
1591130086.0,22117
1591130146.0,21880
1591130206.0,21541
1591130266.0,21258
1591130326.0,21009
1591130386.0,20955
1591130446.0,20810
1591130506.0,20267
1591130566.0,20196
1591130626.0,19721
1591130686.0,19327
1591130746.0,19035
1591130806.0,19248
1591130866.0,18765
1591130926.0,18621
1591130986.0,18877
1591131046.0,18757
1591131106.0,18742
1591131166.0,18571
1591131226.0,18181
1591131286.0,18205
1591131346.0,18363
1591131406.0,17616
1591131466.0,17142
1591131526.0,17058
1591131586.0,16735
1591131646.0,16691
1591131706.0,16516
1591131766.0,16129
1591131826.0,15995
1591131886.0,15919
1591131946.0,16847
1591132006.0,15456
1591132066.0,15078
1591132126.0,14994
1591132186.0,14593
1591132246.0,14244
1591132306.0,14304
1591132366.0,14081
1591132426.0,14116
1591132486.0,14009
1591132546.0,13779
1591132606.0,13701
1591132666.0,13466
1591132726.0,13805
1591132786.0,13478
1591132846.0,13286
1591132906.0,13014
1591132966.0,12806
1591133026.0,12839
1591133086.0,13043
1591133146.0,12915
1591133206.0,12679
1591133266.0,12663
1591133326.0,12508
1591133386.0,12654
1591133446.0,13508
1591133506.0,12380
1591133566.0,12272
1591133626.0,11952
1591133686.0,11732
1591133746.0,11603
1591133806.0,11922
1591133866.0,11513
1591133926.0,11450
1591133986.0,11688
1591134046.0,11500
1591134106.0,11354
1591134166.0,11448
1591134226.0,11459
1591134286.0,11619
1591134346.0,12298
1591134406.0,12584
1591134466.0,11563
1591134526.0,11469
1591134586.0,11373
1591134646.0,11125
1591134706.0,10848
1591134766.0,10716
1591134826.0,10394
1591134886.0,10737
1591134946.0,11460
1591135006.0,10368
1591135066.0,10246
1591135126.0,10094
1591135186.0,10401
1591135246.0,10222
1591135306.0,10264
1591135366.0,10261
1591135426.0,10488
1591135486.0,10263
1591135546.0,10022
1591135606.0,10037
1591135666.0,9993
1591135726.0,10504
1591135786.0,9903
1591135846.0,9616
1591135906.0,9440
1591135966.0,9090
1591136026.0,9127
1591136086.0,9180
1591136146.0,9055
1591136206.0,9073
1591136266.0,9179
1591136326.0,9144
1591136386.0,8931
1591136446.0,8930
1591136506.0,8905
1591136566.0,9092
1591136626.0,8708
1591136686.0,8683
1591136746.0,8248
1591136806.0,7912
1591136866.0,7980
1591136926.0,7888
1591136986.0,7917
1591137046.0,7911
1591137106.0,8160
1591137166.0,8022
1591137226.0,7890
1591137286.0,7645
1591137346.0,7564
1591137406.0,7371
1591137466.0,7155
1591137526.0,6821
1591137586.0,6579
1591137646.0,6810
1591137706.0,6425
1591137766.0,6507
1591137826.0,6358
1591137886.0,6338
1591137946.0,6279
1591138006.0,6359
1591138066.0,6166
1591138126.0,6188
1591138186.0,5949
1591138246.0,5886
1591138306.0,5890
1591138366.0,5888
1591138426.0,5545
1591138486.0,5401
1591138546.0,5383
1591138606.0,5170
1591138666.0,4808
1591138726.0,4703
1591138786.0,4625
1591138846.0,4459
1591138906.0,5108
1591138966.0,4450
1591139026.0,3976
1591139086.0,3957
1591139146.0,3895
1591139206.0,3770
1591139266.0,3738
1591139326.0,3653
1591139386.0,3620
1591139446.0,3417
1591139506.0,3680
1591139566.0,3598
1591139626.0,3380
1591139686.0,3325
1591139746.0,3131
1591139806.0,3094
1591139866.0,3052
1591139926.0,2842
1591139986.0,2788
1591140046.0,2724
1591140106.0,2950
1591140166.0,2517
1591140226.0,2433
1591140286.0,2377
1591140346.0,2324
1591140406.0,2275
1591140466.0,2288
1591140526.0,2297
1591140586.0,2273
1591140646.0,2219
1591140706.0,2118
1591140766.0,2149
1591140826.0,1984
1591140886.0,1848
1591140946.0,1721
1591141006.0,1678
1591141066.0,1764
1591141126.0,1651
1591141186.0,1547
1591141246.0,1536
1591141306.0,1489
1591141366.0,1453
1591141426.0,1391
1591141486.0,1369
1591141546.0,1370
1591141606.0,1345
1591141666.0,1327
1591141726.0,1324
1591141786.0,1272
1591141846.0,1170
1591141906.0,1201
1591141966.0,1161
1591142026.0,1142
1591142086.0,1121
1591142146.0,1087
1591142206.0,1020
1591142266.0,1079
1591142326.0,1080
1591142386.0,1091
1591142446.0,1097
1591142506.0,1135
1591142566.0,1153
1591142626.0,1163
1591142686.0,1171
1591142746.0,1164
1591142806.0,1162
1591142866.0,1205
1591142926.0,1213
1591142986.0,1227
1591143046.0,1170
1591143106.0,1166
1591143166.0,1168
1591143226.0,1102
1591143286.0,1094
1591143346.0,1100
1591143406.0,1111
1591143466.0,1102
1591143526.0,1128
1591143586.0,1137
1591143646.0,1106
1591143706.0,1118
1591143766.0,1117
1591143826.0,1090
1591143886.0,1184
1591143946.0,1285
1591144006.0,1280
1591144066.0,1281
1591144126.0,1240
1591144186.0,1301
1591144246.0,1344
1591144306.0,1337
1591144366.0,1345
1591144426.0,1346
1591144486.0,1353
1591144546.0,1343
1591144606.0,1335
1591144666.0,1369
1591144726.0,1396
1591144786.0,1409
1591144846.0,1416
1591144906.0,1421
1591144966.0,1397
1591145026.0,1404
1591145086.0,1352
1591145146.0,1337
1591145206.0,1342
1591145266.0,1330
1591145326.0,1297
1591145386.0,1287
1591145446.0,1284
1591145506.0,1297
1591145566.0,1305
1591145626.0,1382
1591145686.0,1399
1591145746.0,1329
1591145806.0,1259
1591145866.0,1327
1591145926.0,1395
1591145986.0,673
1591146046.0,399
1591146106.0,1727
1591146166.0,1608
1591146226.0,2334
1591146286.0,2355
1591146346.0,1828
1591146406.0,1772
1591146466.0,1795
1591146526.0,1738
1591146586.0,1731
1591146646.0,1831
1591146706.0,1676
1591146766.0,1750
1591146826.0,2074
1591146886.0,1713
1591146946.0,2093
1591147006.0,1803
1591147066.0,1846
1591147126.0,1881
1591147186.0,2027
1591147246.0,1990
1591147306.0,2031
1591147366.0,2488
1591147426.0,2488
1591147486.0,2581
1591147546.0,2625
1591147606.0,2880
1591147666.0,3214
1591147726.0,3459
1591147786.0,3754
1591147846.0,3956
1591147906.0,3921
1591147966.0,3955
1591148026.0,3895
1591148086.0,3912
1591148146.0,4116
1591148206.0,4018
1591148266.0,4069
1591148326.0,3937
1591148386.0,4147
1591148446.0,4476
1591148506.0,4718
1591148566.0,4674
1591148626.0,4963
1591148686.0,5275
1591148746.0,5577
1591148806.0,5938
1591148866.0,6352
1591148926.0,6888
1591148986.0,7321
1591149046.0,7790
1591149106.0,8170
1591149166.0,8754
1591149226.0,8900
1591149286.0,9375
1591149346.0,10027
1591149406.0,10421
1591149466.0,10737
1591149526.0,10892
1591149586.0,11259
1591149646.0,11609
1591149706.0,11657
1591149766.0,11980
1591149826.0,12261
1591149886.0,12932
1591149946.0,13617
1591150006.0,14057
1591150066.0,14380
1591150126.0,14866
1591150186.0,15570
1591150246.0,15861
1591150306.0,16508
1591150366.0,17890
1591150426.0,17727
1591150486.0,17867
1591150546.0,18716
1591150606.0,19161
1591150666.0,19731
1591150726.0,20464
1591150786.0,20213
1591150846.0,20630
1591150906.0,20861
1591150966.0,21773
1591151026.0,22164
1591151086.0,23457
1591151146.0,24188
1591151206.0,24769
1591151266.0,25495
1591151326.0,25477
1591151386.0,26820
1591151446.0,26556
1591151506.0,26683
1591151566.0,27094
1591151626.0,27732
1591151686.0,28218
1591151746.0,28223
1591151806.0,28590
1591151866.0,29098
1591151926.0,29428
1591151986.0,31003
1591152046.0,30322
1591152106.0,31052
1591152166.0,31377
1591152226.0,31676
1591152286.0,32382
1591152346.0,32458
1591152406.0,33066
1591152466.0,32963
1591152526.0,32642
1591152586.0,34541
1591152646.0,34200
1591152706.0,34770
1591152766.0,35825
1591152826.0,36475
1591152886.0,37337
1591152946.0,37599
1591153006.0,38016
1591153066.0,38609
1591153126.0,39862
1591153186.0,39411
1591153246.0,39717
1591153306.0,39687
1591153366.0,40465
1591153426.0,41272
1591153486.0,41730
1591153546.0,41976
1591153606.0,42054
1591153666.0,43520
1591153726.0,44359
1591153786.0,43710
1591153846.0,44242
1591153906.0,44378
1591153966.0,44482
1591154026.0,44803
1591154086.0,45864
1591154146.0,46075
1591154206.0,46182
1591154266.0,48187
1591154326.0,46790
1591154386.0,46975
1591154446.0,47239
1591154506.0,48217
1591154566.0,48405
1591154626.0,49429
1591154686.0,50218
1591154746.0,50702
1591154806.0,50379
1591154866.0,50201
1591154926.0,50613
1591154986.0,51456
1591155046.0,51814
1591155106.0,52426
1591155166.0,52393
1591155226.0,52701
1591155286.0,52931
1591155346.0,52704
1591155406.0,52886
1591155466.0,53987
1591155526.0,53629
1591155586.0,54844
1591155646.0,55802
1591155706.0,56270
1591155766.0,56915
1591155826.0,55572
1591155886.0,56072
1591155946.0,56183
1591156006.0,56384
1591156066.0,56282
1591156126.0,56528
1591156186.0,56843
1591156246.0,57621
1591156306.0,57497
1591156366.0,57540
1591156426.0,58734
1591156486.0,58113
1591156546.0,58099
1591156606.0,57412
1591156666.0,57491
1591156726.0,58689
1591156786.0,58233
1591156846.0,58077
1591156906.0,59142
1591156966.0,58836
1591157026.0,58955
1591157086.0,59011
1591157146.0,58685
1591157206.0,58490
1591157266.0,59309
1591157326.0,60540
1591157386.0,59611
1591157446.0,60149
1591157506.0,60306
1591157566.0,60521
1591157626.0,60341
1591157686.0,60561
1591157746.0,60884
1591157806.0,60985
1591157866.0,61405
1591157926.0,61498
1591157986.0,62839
1591158046.0,61894
1591158106.0,62074
1591158166.0,61986
1591158226.0,61507
1591158286.0,61769
1591158346.0,61326
1591158406.0,61689
1591158466.0,61516
1591158526.0,61189
1591158586.0,61312
1591158646.0,62815
1591158706.0,62877
1591158766.0,62181
1591158826.0,62564
1591158886.0,63727
1591158946.0,63188
1591159006.0,63722
1591159066.0,63138
1591159126.0,62958
1591159186.0,63526
1591159246.0,64286
1591159306.0,63749
1591159366.0,63834
1591159426.0,63553
1591159486.0,64210
1591159546.0,63979
1591159606.0,63976
1591159666.0,63984
1591159726.0,64029
1591159786.0,63979
1591159846.0,64022
1591159906.0,63690
1591159966.0,63775
1591160026.0,63263
1591160086.0,63682
1591160146.0,63454
1591160206.0,62952
1591160266.0,63514
1591160326.0,63399
1591160386.0,64158
1591160446.0,64837
1591160506.0,64494
1591160566.0,64508
1591160626.0,64813
1591160686.0,64883
1591160746.0,64660
1591160806.0,63819
1591160866.0,63697
1591160926.0,63154
1591160986.0,63614
1591161046.0,63760
1591161106.0,63819
1591161166.0,63906
1591161226.0,63217
1591161286.0,64154
1591161346.0,63585
1591161406.0,62836
1591161466.0,63524
1591161526.0,63534
1591161586.0,63799
1591161646.0,63637
1591161706.0,62689
1591161766.0,63916
1591161826.0,62700
1591161886.0,62873
1591161946.0,63886
1591162006.0,63634
1591162066.0,61868
1591162126.0,62118
1591162186.0,61787
1591162246.0,62232
1591162306.0,61975
1591162366.0,62511
1591162426.0,62983
1591162486.0,63753
1591162546.0,63241
1591162606.0,62651
1591162666.0,62606
1591162726.0,62911
1591162786.0,62196
1591162846.0,62737
1591162906.0,62818
1591162966.0,62385
1591163026.0,62390
1591163086.0,62879
1591163146.0,62750
1591163206.0,63402
1591163266.0,62406
1591163326.0,62563
1591163386.0,63120
1591163446.0,62838
1591163506.0,62093
1591163566.0,62261
1591163626.0,61606
1591163686.0,62356
1591163746.0,62078
1591163806.0,60853
1591163866.0,60731
1591163926.0,61090
1591163986.0,60628
1591164046.0,62060
1591164106.0,61267
1591164166.0,60775
1591164226.0,60928
1591164286.0,60758
1591164346.0,60342
1591164406.0,59703
1591164466.0,59702
1591164526.0,58854
1591164586.0,59741
1591164646.0,59617
1591164706.0,59637
1591164766.0,58809
1591164826.0,58893
1591164886.0,58635
1591164946.0,58536
1591165006.0,57891
1591165066.0,57941
1591165126.0,58281
1591165186.0,58407
1591165246.0,57549
1591165306.0,57251
1591165366.0,57417
1591165426.0,56676
1591165486.0,56830
1591165546.0,56610
1591165606.0,56393
1591165666.0,56018
1591165726.0,56209
1591165786.0,56285
1591165846.0,55819
1591165906.0,55758
1591165966.0,55651
1591166026.0,55246
1591166086.0,55666
1591166146.0,55301
1591166206.0,54962
1591166266.0,55504
1591166326.0,55198
1591166386.0,54834
1591166446.0,54912
1591166506.0,54406
1591166566.0,55230
1591166626.0,54669
1591166686.0,54723
1591166746.0,54544
1591166806.0,53575
1591166866.0,53625
1591166926.0,53529
1591166986.0,53483
1591167046.0,53258
1591167106.0,52665
1591167166.0,52193
1591167226.0,52213
1591167286.0,53908
1591167346.0,52373
1591167406.0,52156
1591167466.0,52263
1591167526.0,52878
1591167586.0,52252
1591167646.0,52277
1591167706.0,52090
1591167766.0,52596
1591167826.0,52571
1591167886.0,52781
1591167946.0,52411
1591168006.0,51847
1591168066.0,52086
1591168126.0,51956
1591168186.0,51281
1591168246.0,50967
1591168306.0,51209
1591168366.0,52027
1591168426.0,51351
1591168486.0,51622
1591168546.0,50721
1591168606.0,50952
1591168666.0,51096
1591168726.0,50934
1591168786.0,52123
1591168846.0,52075
1591168906.0,53333
1591168966.0,52709
1591169026.0,52461
1591169086.0,52111
1591169146.0,51731
1591169206.0,51332
1591169266.0,51619
1591169326.0,51120
1591169386.0,51214
1591169446.0,51791
1591169506.0,51197
1591169566.0,51217
1591169626.0,51192
1591169686.0,51276
1591169746.0,50947
1591169806.0,50703
1591169866.0,51072
1591169926.0,50860
1591169986.0,51207
1591170046.0,51195
1591170106.0,51239
1591170166.0,51074
1591170226.0,51155
1591170286.0,51709
1591170346.0,51269
1591170406.0,51735
1591170466.0,51528
1591170526.0,51337
1591170586.0,51688
1591170646.0,51436
1591170706.0,51044
1591170766.0,51013
1591170826.0,50726
1591170886.0,50852
1591170946.0,51147
1591171006.0,50291
1591171066.0,50452
1591171126.0,50149
1591171186.0,50513
1591171246.0,50575
1591171306.0,50915
1591171366.0,51009
1591171426.0,51334
1591171486.0,51659
1591171546.0,51249
1591171606.0,51697
1591171666.0,50675
1591171726.0,50921
1591171786.0,51044
1591171846.0,50883
1591171906.0,52164
1591171966.0,50843
1591172026.0,50770
1591172086.0,50890
1591172146.0,50489
1591172206.0,51124
1591172266.0,50981
1591172326.0,51087
1591172386.0,51195
1591172446.0,51562
1591172506.0,51723
1591172566.0,52021
1591172626.0,51708
1591172686.0,51592
1591172746.0,51815
1591172806.0,50888
1591172866.0,51127
1591172926.0,50619
1591172986.0,51276
1591173046.0,51816
1591173106.0,51604
1591173166.0,51475
1591173226.0,51026
1591173286.0,51212
1591173346.0,51317
1591173406.0,51063
1591173466.0,51003
1591173526.0,50941
1591173586.0,51363
1591173646.0,50969
1591173706.0,51239
1591173766.0,52706
1591173826.0,52108
1591173886.0,51939
1591173946.0,51760
1591174006.0,51089
1591174066.0,51268
1591174126.0,51182
1591174186.0,51286
1591174246.0,51566
1591174306.0,51364
1591174366.0,50970
1591174426.0,50789
1591174486.0,51083
1591174546.0,50655
1591174606.0,50885
1591174666.0,51969
1591174726.0,50567
1591174786.0,50942
1591174846.0,50379
1591174906.0,50900
1591174966.0,49803
1591175026.0,51849
1591175086.0,51767
1591175146.0,51530
1591175206.0,51104
1591175266.0,51811
1591175326.0,51180
1591175386.0,51436
1591175446.0,51557
1591175506.0,51800
1591175566.0,51602
1591175626.0,51669
1591175686.0,51250
1591175746.0,50916
1591175806.0,51013
1591175866.0,51202
1591175926.0,51345
1591175986.0,51783
1591176046.0,52030
1591176106.0,51483
1591176166.0,51832
1591176226.0,51388
1591176286.0,51306
1591176346.0,52271
1591176406.0,51436
1591176466.0,51233
1591176526.0,51413
1591176586.0,51573
1591176646.0,51517
1591176706.0,51745
1591176766.0,53169
1591176826.0,51904
1591176886.0,52221
1591176946.0,51896
1591177006.0,51631
1591177066.0,51156
1591177126.0,51225
1591177186.0,51079
1591177246.0,51449
1591177306.0,51624
1591177366.0,51969
1591177426.0,52355
1591177486.0,52356
1591177546.0,51652
1591177606.0,53073
1591177666.0,52141
1591177726.0,52306
1591177786.0,52782
1591177846.0,52169
1591177906.0,51696
1591177966.0,51771
1591178026.0,51314
1591178086.0,52081
1591178146.0,51797
1591178206.0,51518
1591178266.0,51126
1591178326.0,52109
1591178386.0,52195
1591178446.0,52081
1591178506.0,52774
1591178566.0,52702
1591178626.0,52777
1591178686.0,52850
1591178746.0,52296
1591178806.0,52406
1591178866.0,52835
1591178926.0,52286
1591178986.0,52090
1591179046.0,51990
1591179106.0,51743
1591179166.0,52963
1591179226.0,51617
1591179286.0,51905
1591179346.0,52051
1591179406.0,52062
1591179466.0,52334
1591179526.0,52834
1591179586.0,54067
1591179646.0,53222
1591179706.0,53642
1591179766.0,53088
1591179826.0,53560
1591179886.0,53164
1591179946.0,53344
1591180006.0,53021
1591180066.0,53054
1591180126.0,53002
1591180186.0,52847
1591180246.0,52733
