job,ingress_ingestion_timestamp,ingress_consumption_timestamp,egress_ingestion_timestamp,egress_consumption_timestamp
emergency-stop-streaming,1595581526629,1595581529795,1595581530805,1595581530829
emergency-stop-streaming,1595581528157,1595581530139,1595581530805,1595581530829
emergency-stop-streaming,1595581529388,1595581530132,1595581530879,1595581530886
emergency-stop-table,1595581528157,1595581530139,1595581530894,1595581530915
emergency-stop-table,1595581526629,1595581529795,1595581530894,1595581531147
emergency-stop-table,1595581529388,1595581530132,1595581530986,1595581531149
emergency-stop-table,1595581529952,1595581530642,1595581532193,1595581532203
emergency-stop-streaming,1595581529952,1595581530642,1595581532204,1595581532209
emergency-stop-streaming,1595581530946,1595581532044,1595581534085,1595581534089
emergency-stop-streaming,1595581532179,1595581532574,1595581534081,1595581534089
emergency-stop-table,1595581530946,1595581532044,1595581534197,1595581534216
emergency-stop-table,1595581532179,1595581532574,1595581534204,1595581534220
emergency-stop-streaming,1595581534302,1595581535323,1595581535689,1595581535693
emergency-stop-streaming,1595581533072,1595581533967,1595581535692,1595581535696
emergency-stop-table,1595581533072,1595581533967,1595581535806,1595581535809
emergency-stop-table,1595581534302,1595581535323,1595581535833,1595581535836
emergency-stop-streaming,1595581535212,1595581535589,1595581535888,1595581535899
emergency-stop-table,1595581535212,1595581535589,1595581535999,1595581536006
emergency-stop-streaming,1595581538884,1595581539706,1595581541172,1595581541175
emergency-stop-streaming,1595581537356,1595581538265,1595581541167,1595581541187
emergency-stop-streaming,1595581536352,1595581536570,1595581541183,1595581541187
emergency-stop-table,1595581536352,1595581536570,1595581541202,1595581541234
emergency-stop-table,1595581537356,1595581538265,1595581541231,1595581541236
emergency-stop-table,1595581538884,1595581539706,1595581541224,1595581541236
emergency-stop-table,1595581541903,1595581541943,1595581545628,1595581545645
emergency-stop-table,1595581539990,1595581540282,1595581545641,1595581545647
emergency-stop-table,1595581540805,1595581540853,1595581545660,1595581545667
emergency-stop-table,1595581543128,1595581543250,1595581545681,1595581545684
emergency-stop-streaming,1595581539990,1595581540282,1595581545752,1595581545759
emergency-stop-streaming,1595581543128,1595581543250,1595581545753,1595581545759
emergency-stop-streaming,1595581541903,1595581541943,1595581545753,1595581545766
emergency-stop-streaming,1595581540805,1595581540853,1595581545760,1595581545768
emergency-stop-streaming,1595581544085,1595581544144,1595581545952,1595581545961
emergency-stop-table,1595581544085,1595581544144,1595581546005,1595581546018
emergency-stop-streaming,1595581544927,1595581545068,1595581546500,1595581546503
emergency-stop-table,1595581544927,1595581545068,1595581546625,1595581546644
emergency-stop-streaming,1595581550966,1595581551012,1595581555731,1595581555745
emergency-stop-streaming,1595581547398,1595581547422,1595581555736,1595581555745
emergency-stop-streaming,1595581545988,1595581546073,1595581555744,1595581555756
emergency-stop-streaming,1595581550179,1595581550247,1595581555753,1595581555759
emergency-stop-streaming,1595581549441,1595581549507,1595581555752,1595581555764
emergency-stop-streaming,1595581548475,1595581548576,1595581555768,1595581555772
emergency-stop-streaming,1595581552290,1595581552360,1595581555759,1595581555772
emergency-stop-table,1595581550966,1595581551012,1595581555873,1595581555877
emergency-stop-table,1595581547398,1595581547422,1595581555895,1595581555899
emergency-stop-table,1595581550179,1595581550247,1595581555937,1595581555942
emergency-stop-table,1595581552290,1595581552360,1595581555943,1595581555945
emergency-stop-table,1595581549441,1595581549507,1595581555951,1595581555953
emergency-stop-table,1595581548475,1595581548576,1595581555953,1595581555957
emergency-stop-table,1595581545988,1595581546073,1595581555975,1595581555978
emergency-stop-streaming,1595581553088,1595581553219,1595581556171,1595581556180
emergency-stop-table,1595581553088,1595581553219,1595581556353,1595581556356
emergency-stop-streaming,1595581554409,1595581554628,1595581557991,1595581557995
emergency-stop-streaming,1595581555455,1595581555548,1595581558020,1595581558037
emergency-stop-table,1595581554409,1595581554628,1595581558133,1595581558136
emergency-stop-table,1595581555455,1595581555548,1595581558118,1595581558138
emergency-stop-streaming,1595581556514,1595581556530,1595581558752,1595581558755
emergency-stop-table,1595581556514,1595581556530,1595581558911,1595581558918
emergency-stop-streaming,1595581557651,1595581558167,1595581561018,1595581561027
emergency-stop-table,1595581557651,1595581558167,1595581561108,1595581561112
emergency-stop-table,1595581558804,1595581558905,1595581561327,1595581561367
emergency-stop-streaming,1595581558804,1595581558905,1595581561392,1595581561403
emergency-stop-table,1595581559838,1595581559857,1595581564227,1595581564233
emergency-stop-streaming,1595581559838,1595581559857,1595581564296,1595581564303
emergency-stop-table,1595581560735,1595581560795,1595581564336,1595581564339
emergency-stop-table,1595581561884,1595581561988,1595581564349,1595581564351
emergency-stop-table,1595581562587,1595581562627,1595581564416,1595581564420
emergency-stop-streaming,1595581562587,1595581562627,1595581564462,1595581564477
emergency-stop-streaming,1595581560735,1595581560795,1595581564468,1595581564477
emergency-stop-streaming,1595581561884,1595581561988,1595581564505,1595581564530
emergency-stop-streaming,1595581563760,1595581563878,1595581566232,1595581566235
emergency-stop-table,1595581563760,1595581563878,1595581566326,1595581566339
emergency-stop-streaming,1595581565947,1595581565998,1595581568044,1595581568047
emergency-stop-streaming,1595581564662,1595581564765,1595581568087,1595581568091
emergency-stop-table,1595581565947,1595581565998,1595581568121,1595581568125
emergency-stop-table,1595581564662,1595581564765,1595581568130,1595581568133
emergency-stop-streaming,1595581567382,1595581567522,1595581570941,1595581570944
emergency-stop-table,1595581567382,1595581567522,1595581571005,1595581571016
emergency-stop-streaming,1595581568153,1595581568237,1595581573089,1595581573097
emergency-stop-streaming,1595581569019,1595581569113,1595581573052,1595581573126
emergency-stop-table,1595581569019,1595581569113,1595581573321,1595581573324
emergency-stop-table,1595581568153,1595581568237,1595581573325,1595581573327
emergency-stop-table,1595581569925,1595581570031,1595581574815,1595581574817
emergency-stop-streaming,1595581569925,1595581570031,1595581574881,1595581574914
emergency-stop-table,1595581570910,1595581570996,1595581574911,1595581574914
emergency-stop-streaming,1595581570910,1595581570996,1595581574925,1595581574930
emergency-stop-table,1595581572095,1595581572177,1595581575223,1595581575230
emergency-stop-streaming,1595581572095,1595581572177,1595581575287,1595581575298
emergency-stop-streaming,1595581572950,1595581573014,1595581576253,1595581576322
emergency-stop-table,1595581572950,1595581573014,1595581576436,1595581576439
emergency-stop-table,1595581574125,1595581574200,1595581576480,1595581576483
emergency-stop-streaming,1595581575148,1595581575226,1595581576497,1595581576502
emergency-stop-streaming,1595581574125,1595581574200,1595581576498,1595581576510
emergency-stop-streaming,1595581576009,1595581576060,1595581576543,1595581576572
emergency-stop-table,1595581576009,1595581576060,1595581576744,1595581576747
emergency-stop-table,1595581575148,1595581575226,1595581576825,1595581576828
emergency-stop-table,1595581586323,1595581586421,1595581598944,1595581598948
emergency-stop-table,1595581580133,1595581580242,1595581598944,1595581598950
emergency-stop-table,1595581585170,1595581585213,1595581598945,1595581598950
emergency-stop-table,1595581577463,1595581577625,1595581598941,1595581598950
emergency-stop-table,1595581587128,1595581587228,1595581598951,1595581598973
emergency-stop-table,1595581589290,1595581589383,1595581598964,1595581598975
emergency-stop-table,1595581582006,1595581582064,1595581598969,1595581598975
emergency-stop-table,1595581583491,1595581583501,1595581598966,1595581598977
emergency-stop-table,1595581590166,1595581590173,1595581598979,1595581598981
emergency-stop-streaming,1595581589290,1595581589383,1595581598985,1595581598988
emergency-stop-table,1595581594268,1595581594292,1595581598988,1595581598996
emergency-stop-table,1595581584235,1595581584271,1595581598994,1595581599019
emergency-stop-streaming,1595581579037,1595581579047,1595581599015,1595581599026
emergency-stop-streaming,1595581593227,1595581593273,1595581599021,1595581599026
emergency-stop-streaming,1595581584235,1595581584271,1595581599023,1595581599028
emergency-stop-streaming,1595581586323,1595581586421,1595581599018,1595581599031
emergency-stop-table,1595581593227,1595581593273,1595581599018,1595581599031
emergency-stop-table,1595581592378,1595581592517,1595581599027,1595581599071
emergency-stop-streaming,1595581592378,1595581592517,1595581599045,1595581599073
emergency-stop-table,1595581578113,1595581578218,1595581599054,1595581599073
emergency-stop-table,1595581579037,1595581579047,1595581599048,1595581599073
emergency-stop-streaming,1595581594268,1595581594292,1595581599037,1595581599073
emergency-stop-streaming,1595581583491,1595581583501,1595581599035,1595581599074
emergency-stop-streaming,1595581577463,1595581577625,1595581599044,1595581599074
emergency-stop-streaming,1595581587128,1595581587228,1595581599069,1595581599075
emergency-stop-streaming,1595581591504,1595581591628,1595581599071,1595581599078
emergency-stop-table,1595581588411,1595581588687,1595581599075,1595581599086
emergency-stop-table,1595581591504,1595581591628,1595581599082,1595581599086
emergency-stop-streaming,1595581580133,1595581580242,1595581599084,1595581599091
emergency-stop-table,1595581581033,1595581581123,1595581599078,1595581599096
emergency-stop-table,1595581595264,1595581595323,1595581599083,1595581599096
emergency-stop-streaming,1595581582006,1595581582064,1595581599093,1595581599106
emergency-stop-streaming,1595581581033,1595581581123,1595581599099,1595581599108
emergency-stop-streaming,1595581578113,1595581578218,1595581599109,1595581599112
emergency-stop-streaming,1595581595264,1595581595323,1595581599128,1595581599130
emergency-stop-streaming,1595581588411,1595581588687,1595581599126,1595581599133
emergency-stop-streaming,1595581590166,1595581590173,1595581599133,1595581599136
emergency-stop-streaming,1595581585170,1595581585213,1595581599143,1595581599146
emergency-stop-streaming,1595581596686,1595581596732,1595581600810,1595581600819
emergency-stop-streaming,1595581597357,1595581597421,1595581600860,1595581600863
emergency-stop-streaming,1595581598467,1595581598485,1595581600891,1595581600898
emergency-stop-table,1595581596686,1595581596732,1595581600931,1595581600935
emergency-stop-table,1595581597357,1595581597421,1595581600937,1595581600942
emergency-stop-table,1595581598467,1595581598485,1595581601108,1595581601110
emergency-stop-streaming,1595581599444,1595581599512,1595581601250,1595581601313
emergency-stop-table,1595581599444,1595581599512,1595581601450,1595581601455
emergency-stop-table,1595581600677,1595581600800,1595581604224,1595581604272
emergency-stop-streaming,1595581600677,1595581600800,1595581604265,1595581604274
emergency-stop-table,1595581601537,1595581601606,1595581606210,1595581606222
emergency-stop-streaming,1595581602686,1595581602831,1595581606223,1595581606232
emergency-stop-table,1595581602686,1595581602831,1595581606244,1595581606254
emergency-stop-streaming,1595581601537,1595581601606,1595581606260,1595581606270
emergency-stop-streaming,1595581603522,1595581603595,1595581606619,1595581606623
emergency-stop-table,1595581603522,1595581603595,1595581606908,1595581606932
emergency-stop-streaming,1595581604506,1595581604613,1595581607645,1595581607648
emergency-stop-table,1595581604506,1595581604613,1595581607775,1595581607779
emergency-stop-streaming,1595581605378,1595581605429,1595581607867,1595581607897
emergency-stop-table,1595581605378,1595581605429,1595581607912,1595581607915
emergency-stop-streaming,1595581606515,1595581606537,1595581610232,1595581610239
emergency-stop-streaming,1595581607579,1595581607616,1595581610274,1595581610277
emergency-stop-table,1595581607579,1595581607616,1595581610249,1595581610360
emergency-stop-table,1595581606515,1595581606537,1595581610375,1595581610385
emergency-stop-streaming,1595581608638,1595581608746,1595581612766,1595581612779
emergency-stop-table,1595581608638,1595581608746,1595581612776,1595581612786
emergency-stop-streaming,1595581609525,1595581609535,1595581613186,1595581613197
emergency-stop-table,1595581611586,1595581611617,1595581613358,1595581613364
emergency-stop-streaming,1595581611586,1595581611617,1595581613359,1595581613373
emergency-stop-table,1595581609525,1595581609535,1595581613392,1595581613428
emergency-stop-streaming,1595581610510,1595581610519,1595581613380,1595581613431
emergency-stop-table,1595581610510,1595581610519,1595581613444,1595581613447
emergency-stop-streaming,1595581612528,1595581612587,1595581615169,1595581615175
emergency-stop-table,1595581612528,1595581612587,1595581615254,1595581615276
emergency-stop-table,1595581614614,1595581614619,1595581615871,1595581615875
emergency-stop-table,1595581613643,1595581613745,1595581615925,1595581615929
emergency-stop-streaming,1595581614614,1595581614619,1595581615927,1595581615939
emergency-stop-streaming,1595581613643,1595581613745,1595581616014,1595581616017
emergency-stop-table,1595581616665,1595581616752,1595581622548,1595581622554
emergency-stop-table,1595581620140,1595581620223,1595581622564,1595581622567
emergency-stop-table,1595581615639,1595581615705,1595581622562,1595581622570
emergency-stop-streaming,1595581616665,1595581616752,1595581622582,1595581622590
emergency-stop-streaming,1595581615639,1595581615705,1595581622638,1595581622647
emergency-stop-streaming,1595581618705,1595581618772,1595581622669,1595581622672
emergency-stop-table,1595581617552,1595581617566,1595581622771,1595581622775
emergency-stop-table,1595581618705,1595581618772,1595581622790,1595581622793
emergency-stop-streaming,1595581617552,1595581617566,1595581622851,1595581622860
emergency-stop-streaming,1595581620140,1595581620223,1595581622871,1595581622874
emergency-stop-streaming,1595581620706,1595581620771,1595581624589,1595581624624
emergency-stop-table,1595581621726,1595581621791,1595581624625,1595581624628
emergency-stop-streaming,1595581621726,1595581621791,1595581624655,1595581624659
emergency-stop-table,1595581620706,1595581620771,1595581624661,1595581624665
emergency-stop-streaming,1595581622975,1595581623266,1595581626990,1595581626995
emergency-stop-streaming,1595581623674,1595581623751,1595581627054,1595581627057
emergency-stop-table,1595581622975,1595581623266,1595581627106,1595581627109
emergency-stop-table,1595581623674,1595581623751,1595581627242,1595581627252
emergency-stop-streaming,1595581625001,1595581625072,1595581627787,1595581627832
emergency-stop-table,1595581625001,1595581625072,1595581627847,1595581627850
emergency-stop-table,1595581625866,1595581626022,1595581629750,1595581629755
emergency-stop-table,1595581626742,1595581626762,1595581629762,1595581629764
emergency-stop-streaming,1595581626742,1595581626762,1595581629881,1595581629886
emergency-stop-streaming,1595581625866,1595581626022,1595581629897,1595581629902
emergency-stop-streaming,1595581627823,1595581627905,1595581630257,1595581630331
emergency-stop-table,1595581627823,1595581627905,1595581630366,1595581630372
emergency-stop-streaming,1595581628982,1595581629066,1595581632266,1595581632268
emergency-stop-table,1595581628982,1595581629066,1595581632376,1595581632379
emergency-stop-streaming,1595581630983,1595581631060,1595581632635,1595581632638
emergency-stop-streaming,1595581630013,1595581630134,1595581632648,1595581632658
emergency-stop-table,1595581630983,1595581631060,1595581632703,1595581632708
emergency-stop-table,1595581630013,1595581630134,1595581632745,1595581632748
emergency-stop-table,1595581631949,1595581632021,1595581634703,1595581634719
emergency-stop-streaming,1595581631949,1595581632021,1595581634847,1595581634871
emergency-stop-streaming,1595581632907,1595581633009,1595581635841,1595581635845
emergency-stop-table,1595581632907,1595581633009,1595581635986,1595581636056
emergency-stop-streaming,1595581635055,1595581635109,1595581636349,1595581636351
emergency-stop-table,1595581635055,1595581635109,1595581636375,1595581636383
emergency-stop-streaming,1595581633935,1595581633986,1595581636386,1595581636401
emergency-stop-table,1595581633935,1595581633986,1595581636378,1595581636419
emergency-stop-streaming,1595581636089,1595581636191,1595581636671,1595581636673
emergency-stop-table,1595581636089,1595581636191,1595581636762,1595581636790
emergency-stop-table,1595581637088,1595581637201,1595581639690,1595581639697
emergency-stop-streaming,1595581637088,1595581637201,1595581639687,1595581639699
emergency-stop-table,1595581638093,1595581638382,1595581641358,1595581641376
emergency-stop-streaming,1595581638936,1595581638990,1595581641500,1595581641510
emergency-stop-streaming,1595581638093,1595581638382,1595581641507,1595581641510
emergency-stop-streaming,1595581640263,1595581640345,1595581641519,1595581641521
emergency-stop-table,1595581640263,1595581640345,1595581641672,1595581641683
emergency-stop-table,1595581638936,1595581638990,1595581641710,1595581641722
emergency-stop-table,1595581642067,1595581642116,1595581645878,1595581645887
emergency-stop-streaming,1595581643068,1595581643081,1595581645890,1595581645916
emergency-stop-streaming,1595581642067,1595581642116,1595581645903,1595581645933
emergency-stop-streaming,1595581641099,1595581641233,1595581645930,1595581645933
emergency-stop-table,1595581641099,1595581641233,1595581645917,1595581645935
emergency-stop-table,1595581643068,1595581643081,1595581645997,1595581646000
emergency-stop-streaming,1595581645146,1595581645169,1595581646507,1595581646533
emergency-stop-streaming,1595581644222,1595581644275,1595581646572,1595581646582
emergency-stop-table,1595581644222,1595581644275,1595581646899,1595581646902
emergency-stop-table,1595581646232,1595581646269,1595581646905,1595581646907
emergency-stop-table,1595581645146,1595581645169,1595581646993,1595581647007
emergency-stop-streaming,1595581646232,1595581646269,1595581647010,1595581647017
emergency-stop-table,1595581651329,1595581651404,1595581663930,1595581663938
emergency-stop-table,1595581653532,1595581653556,1595581663971,1595581663973
emergency-stop-streaming,1595581654270,1595581654374,1595581663982,1595581663989
emergency-stop-table,1595581650295,1595581650446,1595581663998,1595581664011
emergency-stop-table,1595581649295,1595581649341,1595581663998,1595581664015
emergency-stop-streaming,1595581653532,1595581653556,1595581663999,1595581664015
emergency-stop-table,1595581654270,1595581654374,1595581664010,1595581664017
emergency-stop-streaming,1595581658358,1595581658461,1595581664005,1595581664019
emergency-stop-streaming,1595581649295,1595581649341,1595581664007,1595581664019
emergency-stop-streaming,1595581651329,1595581651404,1595581664012,1595581664024
emergency-stop-table,1595581657996,1595581658059,1595581664023,1595581664037
emergency-stop-streaming,1595581660474,1595581660638,1595581664025,1595581664041
emergency-stop-streaming,1595581656370,1595581656387,1595581664025,1595581664041
emergency-stop-streaming,1595581662355,1595581662378,1595581664032,1595581664041
emergency-stop-table,1595581647224,1595581647324,1595581664030,1595581664041
emergency-stop-streaming,1595581648423,1595581648910,1595581664035,1595581664042
emergency-stop-table,1595581656370,1595581656387,1595581664035,1595581664042
emergency-stop-table,1595581652530,1595581652623,1595581664037,1595581664044
emergency-stop-table,1595581655497,1595581655860,1595581664038,1595581664046
emergency-stop-table,1595581660474,1595581660638,1595581664044,1595581664053
emergency-stop-streaming,1595581650295,1595581650446,1595581664049,1595581664059
emergency-stop-streaming,1595581657996,1595581658059,1595581664054,1595581664059
emergency-stop-streaming,1595581647224,1595581647324,1595581664055,1595581664059
emergency-stop-streaming,1595581661412,1595581661555,1595581664048,1595581664066
emergency-stop-streaming,1595581655497,1595581655860,1595581664054,1595581664066
emergency-stop-table,1595581662355,1595581662378,1595581664063,1595581664068
emergency-stop-streaming,1595581659315,1595581659344,1595581664073,1595581664075
emergency-stop-streaming,1595581652530,1595581652623,1595581664077,1595581664079
emergency-stop-table,1595581648423,1595581648910,1595581664096,1595581664103
emergency-stop-table,1595581659315,1595581659344,1595581664099,1595581664105
emergency-stop-table,1595581661412,1595581661555,1595581664106,1595581664109
emergency-stop-table,1595581658358,1595581658461,1595581664129,1595581664133
emergency-stop-streaming,1595581663479,1595581663525,1595581664798,1595581664806
emergency-stop-table,1595581663479,1595581663525,1595581664803,1595581664822
emergency-stop-streaming,1595581664899,1595581664944,1595581667974,1595581667978
emergency-stop-streaming,1595581665661,1595581665684,1595581668051,1595581668057
emergency-stop-table,1595581666582,1595581666635,1595581668042,1595581668063
emergency-stop-streaming,1595581666582,1595581666635,1595581668047,1595581668065
emergency-stop-table,1595581664899,1595581664944,1595581668079,1595581668086
emergency-stop-table,1595581665661,1595581665684,1595581668137,1595581668141
emergency-stop-table,1595581667696,1595581667710,1595581671818,1595581671825
emergency-stop-streaming,1595581667696,1595581667710,1595581671829,1595581671838
emergency-stop-table,1595581668799,1595581668805,1595581672020,1595581672023
emergency-stop-streaming,1595581668799,1595581668805,1595581672053,1595581672056
emergency-stop-streaming,1595581671698,1595581671750,1595581672613,1595581672619
emergency-stop-streaming,1595581670625,1595581670637,1595581672628,1595581672640
emergency-stop-streaming,1595581669787,1595581669822,1595581672671,1595581672673
emergency-stop-table,1595581669787,1595581669822,1595581672783,1595581672791
emergency-stop-table,1595581671698,1595581671750,1595581672794,1595581672796
emergency-stop-table,1595581670625,1595581670637,1595581672830,1595581672838
emergency-stop-streaming,1595581673565,1595581673574,1595581675826,1595581675829
emergency-stop-streaming,1595581672538,1595581672549,1595581675846,1595581675860
emergency-stop-table,1595581672538,1595581672549,1595581675922,1595581675939
emergency-stop-table,1595581673565,1595581673574,1595581675926,1595581675939
emergency-stop-streaming,1595581674537,1595581674573,1595581677110,1595581677122
emergency-stop-table,1595581674537,1595581674573,1595581677153,1595581677176
emergency-stop-streaming,1595581675793,1595581675851,1595581677657,1595581677671
emergency-stop-table,1595581675793,1595581675851,1595581677858,1595581677862
emergency-stop-table,1595581676728,1595581676852,1595581679760,1595581679762
emergency-stop-streaming,1595581676728,1595581676852,1595581679771,1595581679784
emergency-stop-streaming,1595581677736,1595581677848,1595581679784,1595581679797
emergency-stop-streaming,1595581678669,1595581678745,1595581679829,1595581679837
emergency-stop-table,1595581678669,1595581678745,1595581679884,1595581679886
emergency-stop-table,1595581677736,1595581677848,1595581679883,1595581679888
emergency-stop-streaming,1595581679839,1595581679957,1595581682746,1595581682772
emergency-stop-streaming,1595581680720,1595581680797,1595581682774,1595581682798
emergency-stop-table,1595581680720,1595581680797,1595581682779,1595581682798
emergency-stop-table,1595581679839,1595581679957,1595581682817,1595581682822
emergency-stop-streaming,1595581681667,1595581681723,1595581684347,1595581684401
emergency-stop-table,1595581681667,1595581681723,1595581684425,1595581684428
emergency-stop-streaming,1595581682787,1595581682837,1595581686009,1595581686016
emergency-stop-table,1595581682787,1595581682837,1595581686091,1595581686093
emergency-stop-streaming,1595581683661,1595581683713,1595581686729,1595581686737
emergency-stop-table,1595581683661,1595581683713,1595581686832,1595581686839
emergency-stop-table,1595581685761,1595581685820,1595581690228,1595581690240
emergency-stop-table,1595581686827,1595581686863,1595581690314,1595581690317
emergency-stop-streaming,1595581686827,1595581686863,1595581690413,1595581690421
emergency-stop-streaming,1595581685761,1595581685820,1595581690414,1595581690421
emergency-stop-table,1595581685065,1595581685178,1595581690419,1595581690422
emergency-stop-streaming,1595581685065,1595581685178,1595581690511,1595581690514
emergency-stop-table,1595581687780,1595581687841,1595581692073,1595581692108
emergency-stop-table,1595581688828,1595581688915,1595581692128,1595581692131
emergency-stop-streaming,1595581688828,1595581688915,1595581692165,1595581692173
emergency-stop-streaming,1595581687780,1595581687841,1595581692164,1595581692175
emergency-stop-streaming,1595581690074,1595581690094,1595581693553,1595581693556
emergency-stop-table,1595581690074,1595581690094,1595581693624,1595581693628
emergency-stop-table,1595581690750,1595581690990,1595581695833,1595581695836
emergency-stop-table,1595581692916,1595581692964,1595581695850,1595581695853
emergency-stop-table,1595581691844,1595581691854,1595581695988,1595581695990
emergency-stop-streaming,1595581691844,1595581691854,1595581695998,1595581696050
emergency-stop-streaming,1595581690750,1595581690990,1595581696039,1595581696053
emergency-stop-streaming,1595581692916,1595581692964,1595581696042,1595581696055
emergency-stop-streaming,1595581694513,1595581694609,1595581697422,1595581697455
emergency-stop-table,1595581694513,1595581694609,1595581697500,1595581697502
emergency-stop-streaming,1595581695827,1595581695882,1595581698391,1595581698403
emergency-stop-streaming,1595581695071,1595581695144,1595581698394,1595581698405
emergency-stop-table,1595581695827,1595581695882,1595581698625,1595581698629
emergency-stop-table,1595581695071,1595581695144,1595581698630,1595581698633
emergency-stop-streaming,1595581697240,1595581697285,1595581701680,1595581701683
emergency-stop-table,1595581697240,1595581697285,1595581701797,1595581701800
emergency-stop-streaming,1595581699131,1595581699146,1595581702434,1595581702440
emergency-stop-streaming,1595581700309,1595581700314,1595581702442,1595581702453
emergency-stop-table,1595581698522,1595581698827,1595581702486,1595581702488
emergency-stop-streaming,1595581701209,1595581701226,1595581702495,1595581702499
emergency-stop-table,1595581700309,1595581700314,1595581702508,1595581702516
emergency-stop-table,1595581701209,1595581701226,1595581702523,1595581702527
emergency-stop-streaming,1595581698522,1595581698827,1595581702524,1595581702533
emergency-stop-table,1595581699131,1595581699146,1595581702560,1595581702569
emergency-stop-streaming,1595581702110,1595581702129,1595581705637,1595581705647
emergency-stop-table,1595581702110,1595581702129,1595581705784,1595581705801
emergency-stop-streaming,1595581703228,1595581703277,1595581706443,1595581706458
emergency-stop-streaming,1595581703948,1595581704026,1595581706467,1595581706472
emergency-stop-table,1595581703228,1595581703277,1595581706508,1595581706510
emergency-stop-table,1595581703948,1595581704026,1595581706614,1595581706616
emergency-stop-streaming,1595581705334,1595581705348,1595581706645,1595581706650
emergency-stop-table,1595581705334,1595581705348,1595581706744,1595581706746
emergency-stop-table,1595581707202,1595581707268,1595581712534,1595581712544
emergency-stop-table,1595581709139,1595581709272,1595581712639,1595581712645
emergency-stop-table,1595581706246,1595581706364,1595581712667,1595581712669
emergency-stop-streaming,1595581709139,1595581709272,1595581712672,1595581712679
emergency-stop-streaming,1595581706246,1595581706364,1595581712720,1595581712728
emergency-stop-streaming,1595581707202,1595581707268,1595581712721,1595581712728
emergency-stop-table,1595581708196,1595581708266,1595581712702,1595581712728
emergency-stop-streaming,1595581708196,1595581708266,1595581712788,1595581712797
emergency-stop-streaming,1595581710131,1595581710186,1595581712919,1595581712939
emergency-stop-table,1595581710131,1595581710186,1595581713097,1595581713106
emergency-stop-streaming,1595581712328,1595581712427,1595581713873,1595581713882
emergency-stop-streaming,1595581713060,1595581713163,1595581713890,1595581713895
emergency-stop-streaming,1595581710992,1595581711042,1595581713907,1595581713976
emergency-stop-table,1595581710992,1595581711042,1595581714090,1595581714102
emergency-stop-table,1595581712328,1595581712427,1595581714130,1595581714132
emergency-stop-table,1595581713060,1595581713163,1595581714150,1595581714154
emergency-stop-streaming,1595581726411,1595581726480,1595581730340,1595581730345
emergency-stop-streaming,1595581716050,1595581716101,1595581730370,1595581730375
emergency-stop-streaming,1595581719138,1595581719152,1595581730351,1595581730416
emergency-stop-streaming,1595581723205,1595581723268,1595581730358,1595581730416
emergency-stop-streaming,1595581718219,1595581718399,1595581730389,1595581730420
emergency-stop-streaming,1595581720341,1595581720420,1595581730414,1595581730425
emergency-stop-streaming,1595581725266,1595581725285,1595581730417,1595581730427
emergency-stop-streaming,1595581714186,1595581714207,1595581730435,1595581730438
emergency-stop-streaming,1595581722352,1595581722367,1595581730434,1595581730447
emergency-stop-streaming,1595581715281,1595581715350,1595581730462,1595581730468
emergency-stop-streaming,1595581717289,1595581717359,1595581730467,1595581730476
emergency-stop-streaming,1595581724332,1595581724402,1595581730467,1595581730476
emergency-stop-streaming,1595581728562,1595581728615,1595581730473,1595581730486
emergency-stop-streaming,1595581728018,1595581728097,1595581730484,1595581730488
emergency-stop-streaming,1595581721481,1595581721517,1595581730507,1595581730523
emergency-stop-table,1595581715281,1595581715350,1595581730553,1595581730565
emergency-stop-table,1595581717289,1595581717359,1595581730565,1595581730570
emergency-stop-table,1595581719138,1595581719152,1595581730569,1595581730577
emergency-stop-table,1595581728562,1595581728615,1595581730581,1595581730592
emergency-stop-table,1595581728018,1595581728097,1595581730587,1595581730598
emergency-stop-table,1595581726411,1595581726480,1595581730593,1595581730603
emergency-stop-table,1595581716050,1595581716101,1595581730594,1595581730603
emergency-stop-table,1595581714186,1595581714207,1595581730608,1595581730636
emergency-stop-table,1595581720341,1595581720420,1595581730622,1595581730642
emergency-stop-table,1595581723205,1595581723268,1595581730618,1595581730643
emergency-stop-table,1595581724332,1595581724402,1595581730622,1595581730643
emergency-stop-table,1595581722352,1595581722367,1595581730627,1595581730643
emergency-stop-table,1595581718219,1595581718399,1595581730643,1595581730648
emergency-stop-table,1595581725266,1595581725285,1595581730652,1595581730657
emergency-stop-table,1595581721481,1595581721517,1595581730657,1595581730659
emergency-stop-table,1595581729503,1595581729548,1595581731080,1595581731100
emergency-stop-streaming,1595581729503,1595581729548,1595581731241,1595581731264
emergency-stop-streaming,1595581730490,1595581730498,1595581734153,1595581734161
emergency-stop-table,1595581730490,1595581730498,1595581734291,1595581734295
emergency-stop-streaming,1595581731535,1595581731570,1595581735303,1595581735313
emergency-stop-streaming,1595581732610,1595581732656,1595581735310,1595581735313
emergency-stop-table,1595581731535,1595581731570,1595581735453,1595581735457
emergency-stop-table,1595581732610,1595581732656,1595581735487,1595581735490
emergency-stop-table,1595581733450,1595581733518,1595581737599,1595581737611
emergency-stop-streaming,1595581734664,1595581734706,1595581737659,1595581737669
emergency-stop-table,1595581734664,1595581734706,1595581737738,1595581737743
emergency-stop-streaming,1595581733450,1595581733518,1595581737907,1595581737912
emergency-stop-streaming,1595581736047,1595581736186,1595581738948,1595581738987
emergency-stop-table,1595581736047,1595581736186,1595581738971,1595581738989
emergency-stop-streaming,1595581736685,1595581736765,1595581739518,1595581739521
emergency-stop-table,1595581736685,1595581736765,1595581739519,1595581739527
emergency-stop-streaming,1595581737692,1595581737754,1595581740337,1595581740353
emergency-stop-table,1595581737692,1595581737754,1595581740409,1595581740433
emergency-stop-streaming,1595581739753,1595581739806,1595581740881,1595581740903
emergency-stop-streaming,1595581739043,1595581739145,1595581740941,1595581740944
emergency-stop-table,1595581739043,1595581739145,1595581741001,1595581741014
emergency-stop-table,1595581739753,1595581739806,1595581741065,1595581741067
emergency-stop-streaming,1595581740668,1595581740693,1595581743098,1595581743122
emergency-stop-table,1595581740668,1595581740693,1595581743188,1595581743203
emergency-stop-streaming,1595581741840,1595581741991,1595581744337,1595581744349
emergency-stop-streaming,1595581742886,1595581742904,1595581744354,1595581744357
emergency-stop-table,1595581741840,1595581741991,1595581744423,1595581744430
emergency-stop-streaming,1595581743759,1595581743808,1595581744526,1595581744569
emergency-stop-table,1595581742886,1595581742904,1595581744552,1595581744570
emergency-stop-table,1595581743759,1595581743808,1595581744697,1595581744699
emergency-stop-streaming,1595581747922,1595581748091,1595581752518,1595581752533
emergency-stop-streaming,1595581745835,1595581745890,1595581752523,1595581752536
emergency-stop-streaming,1595581745000,1595581745018,1595581752543,1595581752568
emergency-stop-streaming,1595581748963,1595581748980,1595581752558,1595581752570
emergency-stop-streaming,1595581749971,1595581750059,1595581752566,1595581752576
emergency-stop-table,1595581747922,1595581748091,1595581752595,1595581752599
emergency-stop-streaming,1595581746850,1595581746925,1595581752601,1595581752604
emergency-stop-table,1595581745835,1595581745890,1595581752614,1595581752617
emergency-stop-table,1595581746850,1595581746925,1595581752621,1595581752623
emergency-stop-table,1595581745000,1595581745018,1595581752635,1595581752651
emergency-stop-table,1595581749971,1595581750059,1595581752663,1595581752666
emergency-stop-streaming,1595581750988,1595581751110,1595581752808,1595581752819
emergency-stop-table,1595581748963,1595581748980,1595581752818,1595581752822
emergency-stop-table,1595581750988,1595581751110,1595581753041,1595581753062
emergency-stop-streaming,1595581751938,1595581752040,1595581753187,1595581753218
emergency-stop-table,1595581751938,1595581752040,1595581753314,1595581753334
emergency-stop-streaming,1595581752994,1595581752998,1595581758288,1595581758291
emergency-stop-table,1595581752994,1595581752998,1595581758305,1595581758318
emergency-stop-table,1595581756004,1595581756057,1595581759200,1595581759204
emergency-stop-table,1595581755406,1595581755449,1595581759266,1595581759281
emergency-stop-table,1595581754065,1595581754123,1595581759291,1595581759300
emergency-stop-streaming,1595581756004,1595581756057,1595581759432,1595581759482
emergency-stop-streaming,1595581755406,1595581755449,1595581759462,1595581759482
emergency-stop-streaming,1595581754065,1595581754123,1595581759510,1595581759516
emergency-stop-streaming,1595581758187,1595581758297,1595581760043,1595581760056
emergency-stop-streaming,1595581757019,1595581757082,1595581760048,1595581760078
emergency-stop-table,1595581758187,1595581758297,1595581760129,1595581760140
emergency-stop-table,1595581757019,1595581757082,1595581760196,1595581760200
emergency-stop-streaming,1595581759022,1595581759058,1595581762428,1595581762441
emergency-stop-streaming,1595581760067,1595581760075,1595581762456,1595581762469
emergency-stop-table,1595581760067,1595581760075,1595581762542,1595581762563
emergency-stop-table,1595581759022,1595581759058,1595581762551,1595581762563
emergency-stop-streaming,1595581761124,1595581761137,1595581764312,1595581764315
emergency-stop-table,1595581761124,1595581761137,1595581764376,1595581764379
emergency-stop-streaming,1595581763200,1595581763273,1595581764454,1595581764457
emergency-stop-streaming,1595581762199,1595581762278,1595581764491,1595581764494
emergency-stop-table,1595581763200,1595581763273,1595581764501,1595581764527
emergency-stop-table,1595581762199,1595581762278,1595581764526,1595581764529
emergency-stop-streaming,1595581765179,1595581765241,1595581767603,1595581767626
emergency-stop-streaming,1595581764157,1595581764199,1595581767602,1595581767629
emergency-stop-table,1595581765179,1595581765241,1595581767742,1595581767754
emergency-stop-table,1595581764157,1595581764199,1595581767881,1595581767887
emergency-stop-table,1595581766226,1595581766275,1595581767958,1595581767969
emergency-stop-streaming,1595581766226,1595581766275,1595581768049,1595581768057
emergency-stop-streaming,1595581767193,1595581767221,1595581769089,1595581769099
emergency-stop-table,1595581767193,1595581767221,1595581769135,1595581769142
emergency-stop-streaming,1595581768287,1595581768338,1595581770537,1595581770556
emergency-stop-table,1595581768287,1595581768338,1595581770643,1595581770655
emergency-stop-streaming,1595581769193,1595581769258,1595581771322,1595581771329
emergency-stop-table,1595581769193,1595581769258,1595581771414,1595581771419
emergency-stop-table,1595581770283,1595581770288,1595581773376,1595581773382
emergency-stop-table,1595581772338,1595581772368,1595581773410,1595581773417
emergency-stop-table,1595581771337,1595581771374,1595581773512,1595581773514
emergency-stop-streaming,1595581771337,1595581771374,1595581773651,1595581773691
emergency-stop-streaming,1595581772338,1595581772368,1595581773691,1595581773702
emergency-stop-streaming,1595581770283,1595581770288,1595581773741,1595581773810
emergency-stop-streaming,1595581774330,1595581774443,1595581776140,1595581776148
emergency-stop-streaming,1595581773242,1595581773343,1595581776203,1595581776208
emergency-stop-table,1595581773242,1595581773343,1595581776201,1595581776213
emergency-stop-table,1595581774330,1595581774443,1595581776322,1595581776326
emergency-stop-streaming,1595581775351,1595581775484,1595581778599,1595581778616
emergency-stop-streaming,1595581778574,1595581778629,1595581778771,1595581778780
emergency-stop-table,1595581776407,1595581776415,1595581778778,1595581778787
emergency-stop-table,1595581775351,1595581775484,1595581778796,1595581778815
emergency-stop-table,1595581777393,1595581777489,1595581778868,1595581778876
emergency-stop-streaming,1595581776407,1595581776415,1595581778877,1595581778880
emergency-stop-streaming,1595581777393,1595581777489,1595581779090,1595581779098
vehicle-count,1595581705334,1595581705348,1595581779641,1595581779655
vehicle-count,1595581658358,1595581658461,1595581779641,1595581779655
vehicle-count,1595581559838,1595581559857,1595581779641,1595581779655
vehicle-count,1595581594268,1595581594292,1595581779664,1595581779701
vehicle-count,1595581709139,1595581709272,1595581779665,1595581779706
vehicle-count,1595581568153,1595581568237,1595581779687,1595581779706
vehicle-count,1595581755406,1595581755449,1595581779687,1595581779706
vehicle-count,1595581577463,1595581577625,1595581779688,1595581779707
vehicle-count,1595581544927,1595581545068,1595581779688,1595581779707
vehicle-count,1595581692916,1595581692964,1595581779688,1595581779707
vehicle-count,1595581626742,1595581626762,1595581779646,1595581779716
vehicle-count,1595581598431,1595581598446,1595581779646,1595581779716
vehicle-count,1595581749971,1595581750059,1595581779648,1595581779716
vehicle-count,1595581659268,1595581659278,1595581779650,1595581779717
vehicle-count,1595581767193,1595581767221,1595581779652,1595581779717
vehicle-count,1595581567382,1595581567522,1595581779675,1595581779718
vehicle-count,1595581651329,1595581651404,1595581779675,1595581779718
vehicle-count,1595581623642,1595581623680,1595581779675,1595581779718
vehicle-count,1595581768287,1595581768338,1595581779677,1595581779718
vehicle-count,1595581536352,1595581536570,1595581779678,1595581779719
vehicle-count,1595581752994,1595581752998,1595581779678,1595581779719
vehicle-count,1595581599444,1595581599512,1595581779678,1595581779719
vehicle-count,1595581583491,1595581583501,1595581779678,1595581779719
vehicle-count,1595581582006,1595581582064,1595581779670,1595581779719
vehicle-count,1595581572950,1595581573014,1595581779670,1595581779719
vehicle-count,1595581633935,1595581633986,1595581779673,1595581779720
vehicle-count,1595581765179,1595581765241,1595581779673,1595581779720
vehicle-count,1595581758187,1595581758297,1595581779674,1595581779720
vehicle-count,1595581724332,1595581724402,1595581779675,1595581779721
vehicle-count,1595581584235,1595581584271,1595581779676,1595581779721
vehicle-count,1595581659315,1595581659344,1595581779680,1595581779721
vehicle-count,1595581719138,1595581719154,1595581779680,1595581779721
vehicle-count,1595581715281,1595581715350,1595581779682,1595581779722
vehicle-count,1595581754065,1595581754123,1595581779682,1595581779722
vehicle-count,1595581698522,1595581698827,1595581779682,1595581779722
vehicle-count,1595581700309,1595581700314,1595581779683,1595581779722
vehicle-count,1595581746850,1595581746925,1595581779683,1595581779722
vehicle-count,1595581623674,1595581623751,1595581779683,1595581779722
vehicle-count,1595581703948,1595581704026,1595581779683,1595581779722
vehicle-count,1595581762199,1595581762278,1595581779683,1595581779722
vehicle-count,1595581570910,1595581570996,1595581779684,1595581779722
vehicle-count,1595581773242,1595581773343,1595581779685,1595581779727
vehicle-count,1595581656370,1595581656387,1595581779685,1595581779727
vehicle-count,1595581741840,1595581741991,1595581779685,1595581779727
vehicle-count,1595581615639,1595581615705,1595581779685,1595581779727
vehicle-count,1595581537356,1595581538265,1595581779657,1595581779727
vehicle-count,1595581608638,1595581608746,1595581779657,1595581779727
vehicle-count,1595581751938,1595581752040,1595581779657,1595581779727
vehicle-count,1595581687780,1595581687841,1595581779659,1595581779727
vehicle-count,1595581683661,1595581683713,1595581779659,1595581779728
vehicle-count,1595581686827,1595581686863,1595581779661,1595581779728
vehicle-count,1595581661412,1595581661555,1595581779661,1595581779728
vehicle-count,1595581604506,1595581604613,1595581779661,1595581779728
vehicle-count,1595581592378,1595581592517,1595581779663,1595581779729
vehicle-count,1595581670420,1595581670634,1595581779663,1595581779729
vehicle-count,1595581721481,1595581721517,1595581779665,1595581779729
vehicle-count,1595581569019,1595581569113,1595581779667,1595581779729
vehicle-count,1595581556514,1595581556528,1595581779667,1595581779729
vehicle-count,1595581708196,1595581708266,1595581779669,1595581779729
vehicle-count,1595581579037,1595581579047,1595581779669,1595581779729
vehicle-count,1595581610509,1595581610545,1595581779669,1595581779729
vehicle-count,1595581716050,1595581716101,1595581779670,1595581779730
vehicle-count,1595581777393,1595581777489,1595581779670,1595581779730
vehicle-count,1595581717289,1595581717359,1595581779672,1595581779730
vehicle-count,1595581730490,1595581730498,1595581779672,1595581779730
vehicle-count,1595581581033,1595581581123,1595581779673,1595581779731
vehicle-count,1595581685065,1595581685178,1595581779674,1595581779731
vehicle-count,1595581637088,1595581637201,1595581779674,1595581779731
vehicle-count,1595581665661,1595581665684,1595581779665,1595581779733
vehicle-count,1595581526629,1595581529795,1595581779705,1595581779741
vehicle-count,1595581529388,1595581530132,1595581779705,1595581779741
vehicle-count,1595581660474,1595581660638,1595581779705,1595581779741
vehicle-count,1595581609525,1595581609535,1595581779692,1595581779742
vehicle-count,1595581636089,1595581636191,1595581779699,1595581779742
vehicle-count,1595581625866,1595581626022,1595581779699,1595581779742
vehicle-count,1595581534302,1595581535321,1595581779699,1595581779742
vehicle-count,1595581745835,1595581745890,1595581779699,1595581779742
vehicle-count,1595581697240,1595581697285,1595581779699,1595581779742
vehicle-count,1595581596686,1595581596732,1595581779699,1595581779743
vehicle-count,1595581574125,1595581574200,1595581779700,1595581779743
vehicle-count,1595581733450,1595581733518,1595581779700,1595581779743
vehicle-count,1595581743654,1595581743756,1595581779700,1595581779743
vehicle-count,1595581760067,1595581760075,1595581779700,1595581779743
vehicle-count,1595581707202,1595581707268,1595581779702,1595581779744
vehicle-count,1595581664899,1595581664944,1595581779709,1595581779744
vehicle-count,1595581544085,1595581544144,1595581779710,1595581779744
vehicle-count,1595581719138,1595581719152,1595581779711,1595581779744
vehicle-count,1595581534302,1595581535323,1595581779711,1595581779744
vehicle-count,1595581576009,1595581576060,1595581779711,1595581779745
vehicle-count,1595581678669,1595581678745,1595581779711,1595581779745
vehicle-count,1595581666582,1595581666635,1595581779712,1595581779745
vehicle-count,1595581526629,1595581529782,1595581779712,1595581779745
vehicle-count,1595581529952,1595581530642,1595581779712,1595581779745
vehicle-count,1595581734664,1595581734706,1595581779712,1595581779745
vehicle-count,1595581560735,1595581560795,1595581779698,1595581779746
vehicle-count,1595581540805,1595581540853,1595581779698,1595581779746
vehicle-count,1595581673565,1595581673574,1595581779699,1595581779746
vehicle-count,1595581638936,1595581638990,1595581779701,1595581779746
vehicle-count,1595581572095,1595581572177,1595581779702,1595581779747
vehicle-count,1595581747922,1595581748091,1595581779702,1595581779747
vehicle-count,1595581562587,1595581562627,1595581779702,1595581779747
vehicle-count,1595581601537,1595581601606,1595581779704,1595581779750
vehicle-count,1595581720341,1595581720420,1595581779708,1595581779750
vehicle-count,1595581757019,1595581757082,1595581779710,1595581779751
vehicle-count,1595581759022,1595581759058,1595581779710,1595581779751
vehicle-count,1595581702110,1595581702129,1595581779710,1595581779751
vehicle-count,1595581586323,1595581586421,1595581779710,1595581779751
vehicle-count,1595581538884,1595581539706,1595581779711,1595581779751
vehicle-count,1595581650295,1595581650446,1595581779711,1595581779751
vehicle-count,1595581771337,1595581771374,1595581779712,1595581779752
vehicle-count,1595581644222,1595581644275,1595581779712,1595581779752
vehicle-count,1595581632907,1595581633009,1595581779712,1595581779752
vehicle-count,1595581600677,1595581600800,1595581779712,1595581779752
vehicle-count,1595581605378,1595581605429,1595581779686,1595581779752
vehicle-count,1595581695827,1595581695882,1595581779686,1595581779752
vehicle-count,1595581776407,1595581776415,1595581779687,1595581779752
vehicle-count,1595581774330,1595581774443,1595581779687,1595581779752
vehicle-count,1595581638093,1595581638382,1595581779688,1595581779753
vehicle-count,1595581732610,1595581732656,1595581779688,1595581779753
vehicle-count,1595581631949,1595581632021,1595581779688,1595581779753
vehicle-count,1595581613643,1595581613745,1595581779716,1595581779753
vehicle-count,1595581736685,1595581736765,1595581779716,1595581779753
vehicle-count,1595581635055,1595581635109,1595581779718,1595581779754
vehicle-count,1595581618705,1595581618772,1595581779685,1595581779754
vehicle-count,1595581690750,1595581690990,1595581779686,1595581779754
vehicle-count,1595581580133,1595581580242,1595581779687,1595581779754
vehicle-count,1595581602686,1595581602831,1595581779689,1595581779755
vehicle-count,1595581643002,1595581643078,1595581779689,1595581779755
vehicle-count,1595581712328,1595581712427,1595581779689,1595581779755
vehicle-count,1595581585170,1595581585213,1595581779689,1595581779755
vehicle-count,1595581539990,1595581540282,1595581779714,1595581779755
vehicle-count,1595581680720,1595581680797,1595581779714,1595581779755
vehicle-count,1595581642067,1595581642116,1595581779714,1595581779755
vehicle-count,1595581541903,1595581541943,1595581779720,1595581779756
vehicle-count,1595581569925,1595581570031,1595581779679,1595581779762
vehicle-count,1595581547398,1595581547422,1595581779679,1595581779762
vehicle-count,1595581653419,1595581653540,1595581779681,1595581779763
vehicle-count,1595581590108,1595581590178,1595581779681,1595581779763
vehicle-count,1595581682704,1595581682798,1595581779684,1595581779763
vehicle-count,1595581654270,1595581654374,1595581779703,1595581779764
vehicle-count,1595581671698,1595581671750,1595581779703,1595581779764
vehicle-count,1595581621726,1595581621791,1595581779705,1595581779765
vehicle-count,1595581653532,1595581653556,1595581779705,1595581779765
vehicle-count,1595581701209,1595581701226,1595581779705,1595581779765
vehicle-count,1595581695071,1595581695144,1595581779705,1595581779765
vehicle-count,1595581554409,1595581554628,1595581779706,1595581779765
vehicle-count,1595581628982,1595581629066,1595581779706,1595581779765
vehicle-count,1595581597357,1595581597421,1595581779706,1595581779765
vehicle-count,1595581729503,1595581729548,1595581779706,1595581779765
vehicle-count,1595581722352,1595581722367,1595581779708,1595581779766
vehicle-count,1595581589290,1595581589383,1595581779708,1595581779766
vehicle-count,1595581612528,1595581612587,1595581779708,1595581779766
vehicle-count,1595581748963,1595581748980,1595581779677,1595581779766
vehicle-count,1595581728562,1595581728615,1595581779677,1595581779766
vehicle-count,1595581663479,1595581663525,1595581779677,1595581779766
vehicle-count,1595581740668,1595581740693,1595581779678,1595581779767
vehicle-count,1595581645146,1595581645169,1595581779681,1595581779767
vehicle-count,1595581728018,1595581728097,1595581779681,1595581779767
vehicle-count,1595581590166,1595581590173,1595581779681,1595581779767
vehicle-count,1595581766226,1595581766275,1595581779683,1595581779768
vehicle-count,1595581668799,1595581668805,1595581779683,1595581779768
vehicle-count,1595581750988,1595581751110,1595581779719,1595581779768
vehicle-count,1595581710131,1595581710186,1595581779719,1595581779768
vehicle-count,1595581565947,1595581565998,1595581779720,1595581779770
vehicle-count,1595581557651,1595581558167,1595581779721,1595581779770
vehicle-count,1595581591504,1595581591628,1595581779721,1595581779770
vehicle-count,1595581775351,1595581775484,1595581779721,1595581779770
vehicle-count,1595581558804,1595581558905,1595581779721,1595581779770
vehicle-count,1595581756004,1595581756057,1595581779722,1595581779771
vehicle-count,1595581723205,1595581723268,1595581779722,1595581779771
vehicle-count,1595581647224,1595581647324,1595581779723,1595581779771
vehicle-count,1595581612527,1595581612585,1595581779723,1595581779771
vehicle-count,1595581606515,1595581606537,1595581779714,1595581779777
vehicle-count,1595581594114,1595581594248,1595581779714,1595581779777
vehicle-count,1595581761124,1595581761137,1595581779715,1595581779777
vehicle-count,1595581745000,1595581745018,1595581779715,1595581779777
vehicle-count,1595581641099,1595581641233,1595581779715,1595581779777
vehicle-count,1595581726411,1595581726480,1595581779716,1595581779778
vehicle-count,1595581713060,1595581713163,1595581779718,1595581779778
vehicle-count,1595581770283,1595581770288,1595581779720,1595581779779
vehicle-count,1595581630013,1595581630134,1595581779720,1595581779779
vehicle-count,1595581594238,1595581594289,1595581779721,1595581779779
vehicle-count,1595581535212,1595581535589,1595581779721,1595581779779
vehicle-count,1595581620140,1595581620223,1595581779722,1595581779779
vehicle-count,1595581530946,1595581532044,1595581779722,1595581779779
vehicle-count,1595581691844,1595581691854,1595581779722,1595581779780
vehicle-count,1595581611586,1595581611617,1595581779722,1595581779780
vehicle-count,1595581646232,1595581646269,1595581779723,1595581779780
vehicle-count,1595581731535,1595581731570,1595581779724,1595581779780
vehicle-count,1595581670625,1595581670637,1595581779724,1595581779780
vehicle-count,1595581553088,1595581553219,1595581779724,1595581779780
vehicle-count,1595581616665,1595581616752,1595581779724,1595581779780
vehicle-count,1595581714186,1595581714207,1595581779725,1595581779781
vehicle-count,1595581742886,1595581742904,1595581779726,1595581779781
vehicle-count,1595581667696,1595581667710,1595581779726,1595581779781
vehicle-count,1595581694513,1595581694609,1595581779726,1595581779781
vehicle-count,1595581598467,1595581598485,1595581779726,1595581779781
vehicle-count,1595581543128,1595581543250,1595581779728,1595581779782
vehicle-count,1595581706246,1595581706364,1595581779728,1595581779782
vehicle-count,1595581763200,1595581763273,1595581779728,1595581779782
vehicle-count,1595581685761,1595581685820,1595581779729,1595581779782
vehicle-count,1595581772338,1595581772368,1595581779730,1595581779783
vehicle-count,1595581549441,1595581549507,1595581779730,1595581779783
vehicle-count,1595581718219,1595581718399,1595581779730,1595581779783
vehicle-count,1595581612410,1595581612585,1595581779730,1595581779783
vehicle-count,1595581699131,1595581699146,1595581779731,1595581779783
vehicle-count,1595581739753,1595581739806,1595581779731,1595581779783
vehicle-count,1595581676728,1595581676852,1595581779731,1595581779783
vehicle-count,1595581662264,1595581662377,1595581779733,1595581779785
vehicle-count,1595581533072,1595581533967,1595581779733,1595581779785
vehicle-count,1595581655497,1595581655860,1595581779733,1595581779785
vehicle-count,1595581587128,1595581587228,1595581779733,1595581779785
vehicle-count,1595581607579,1595581607616,1595581779733,1595581779785
vehicle-count,1595581674537,1595581674573,1595581779735,1595581779786
vehicle-count,1595581665661,1595581665686,1595581779735,1595581779786
vehicle-count,1595581675793,1595581675851,1595581779724,1595581779786
vehicle-count,1595581670625,1595581670636,1595581779724,1595581779786
vehicle-count,1595581752898,1595581752966,1595581779736,1595581779786
vehicle-count,1595581550966,1595581551012,1595581779741,1595581779786
vehicle-count,1595581617552,1595581617566,1595581779741,1595581779786
vehicle-count,1595581725266,1595581725285,1595581779741,1595581779787
vehicle-count,1595581550179,1595581550247,1595581779732,1595581779790
vehicle-count,1595581593227,1595581593273,1595581779732,1595581779790
vehicle-count,1595581545988,1595581546073,1595581779733,1595581779790
vehicle-count,1595581649295,1595581649341,1595581779733,1595581779791
vehicle-count,1595581778574,1595581778629,1595581779736,1595581779791
vehicle-count,1595581627823,1595581627905,1595581779737,1595581779791
vehicle-count,1595581564662,1595581564765,1595581779738,1595581779791
vehicle-count,1595581737692,1595581737754,1595581779740,1595581779792
vehicle-count,1595581666401,1595581666598,1595581779740,1595581779792
vehicle-count,1595581703228,1595581703277,1595581779740,1595581779792
vehicle-count,1595581581969,1595581582018,1595581779741,1595581779792
vehicle-count,1595581753999,1595581754069,1595581779741,1595581779792
vehicle-count,1595581677736,1595581677848,1595581779742,1595581779792
vehicle-count,1595581561884,1595581561988,1595581779742,1595581779792
vehicle-count,1595581603522,1595581603595,1595581779742,1595581779792
vehicle-count,1595581662355,1595581662383,1595581779746,1595581779795
vehicle-count,1595581710992,1595581711042,1595581779746,1595581779795
vehicle-count,1595581669787,1595581669822,1595581779746,1595581779795
vehicle-count,1595581595264,1595581595323,1595581779746,1595581779795
vehicle-count,1595581769193,1595581769258,1595581779747,1595581779795
vehicle-count,1595581528157,1595581530139,1595581779747,1595581779795
vehicle-count,1595581745834,1595581745855,1595581779747,1595581779796
vehicle-count,1595581701961,1595581702155,1595581779747,1595581779796
vehicle-count,1595581614614,1595581614619,1595581779747,1595581779796
vehicle-count,1595581625001,1595581625072,1595581779747,1595581779796
vehicle-count,1595581688828,1595581688915,1595581779737,1595581779801
vehicle-count,1595581652530,1595581652623,1595581779737,1595581779801
vehicle-count,1595581648423,1595581648910,1595581779737,1595581779801
vehicle-count,1595581672538,1595581672549,1595581779737,1595581779802
vehicle-count,1595581736047,1595581736186,1595581779737,1595581779802
vehicle-count,1595581679839,1595581679957,1595581779738,1595581779802
vehicle-count,1595581690074,1595581690094,1595581779738,1595581779802
vehicle-count,1595581743759,1595581743808,1595581779742,1595581779803
vehicle-count,1595581552290,1595581552360,1595581779742,1595581779803
vehicle-count,1595581555455,1595581555548,1595581779742,1595581779803
vehicle-count,1595581743757,1595581743782,1595581779744,1595581779804
vehicle-count,1595581532179,1595581532574,1595581779745,1595581779804
vehicle-count,1595581601461,1595581601558,1595581779745,1595581779805
vehicle-count,1595581622975,1595581623266,1595581779745,1595581779805
vehicle-count,1595581620706,1595581620771,1595581779745,1595581779805
vehicle-count,1595581610510,1595581610519,1595581779745,1595581779805
vehicle-count,1595581681667,1595581681723,1595581779745,1595581779805
vehicle-count,1595581563760,1595581563878,1595581779736,1595581779805
vehicle-count,1595581640263,1595581640345,1595581779725,1595581779805
vehicle-count,1595581578113,1595581578218,1595581779726,1595581779805
vehicle-count,1595581556514,1595581556530,1595581779727,1595581779806
vehicle-count,1595581605357,1595581605409,1595581779727,1595581779806
vehicle-count,1595581630983,1595581631060,1595581779727,1595581779806
vehicle-count,1595581716033,1595581716039,1595581779728,1595581779806
vehicle-count,1595581588411,1595581588687,1595581779728,1595581779806
vehicle-count,1595581682787,1595581682837,1595581779728,1595581779806
vehicle-count,1595581548475,1595581548576,1595581779728,1595581779806
vehicle-count,1595581536352,1595581537196,1595581779730,1595581779807
vehicle-count,1595581657996,1595581658059,1595581779730,1595581779807
vehicle-count,1595581739043,1595581739145,1595581779730,1595581779807
vehicle-count,1595581699130,1595581699148,1595581779747,1595581779807
vehicle-count,1595581623620,1595581623666,1595581779749,1595581779809
vehicle-count,1595581662355,1595581662378,1595581779749,1595581779809
vehicle-count,1595581764157,1595581764199,1595581779749,1595581779810
vehicle-count,1595581643068,1595581643081,1595581779749,1595581779810
vehicle-count,1595581575148,1595581575226,1595581779749,1595581779810
emergency-stop-streaming,1595581782742,1595581782830,1595581793108,1595581793116
emergency-stop-streaming,1595581779542,1595581779588,1595581793113,1595581793118
emergency-stop-streaming,1595581787743,1595581787771,1595581793137,1595581793159
emergency-stop-table,1595581779542,1595581779588,1595581793152,1595581793159
emergency-stop-streaming,1595581780526,1595581780619,1595581793149,1595581793161
emergency-stop-streaming,1595581788747,1595581788762,1595581793152,1595581793166
emergency-stop-streaming,1595581786620,1595581786702,1595581793157,1595581793167
emergency-stop-table,1595581780526,1595581780619,1595581793156,1595581793167
emergency-stop-table,1595581781690,1595581781810,1595581793164,1595581793168
emergency-stop-table,1595581783828,1595581783894,1595581793170,1595581793173
emergency-stop-table,1595581789744,1595581789859,1595581793182,1595581793186
emergency-stop-streaming,1595581789744,1595581789859,1595581793180,1595581793187
emergency-stop-streaming,1595581790721,1595581790728,1595581793185,1595581793188
emergency-stop-streaming,1595581781690,1595581781810,1595581793189,1595581793190
emergency-stop-streaming,1595581783828,1595581783894,1595581793197,1595581793199
emergency-stop-streaming,1595581791881,1595581791977,1595581793210,1595581793212
emergency-stop-table,1595581790721,1595581790728,1595581793212,1595581793215
emergency-stop-table,1595581786620,1595581786702,1595581793213,1595581793216
emergency-stop-table,1595581784634,1595581784645,1595581793214,1595581793216
emergency-stop-streaming,1595581785629,1595581785640,1595581793212,1595581793242
emergency-stop-streaming,1595581784634,1595581784645,1595581793239,1595581793242
emergency-stop-table,1595581785629,1595581785640,1595581793232,1595581793244
emergency-stop-table,1595581787743,1595581787771,1595581793263,1595581793266
emergency-stop-table,1595581788747,1595581788762,1595581793270,1595581793273
emergency-stop-table,1595581791881,1595581791977,1595581793277,1595581793279
emergency-stop-table,1595581782742,1595581782830,1595581793288,1595581793291
emergency-stop-table,1595581792978,1595581793016,1595581794788,1595581794799
emergency-stop-streaming,1595581792978,1595581793016,1595581795005,1595581795013
emergency-stop-streaming,1595581793786,1595581793842,1595581796696,1595581796711
emergency-stop-table,1595581793786,1595581793842,1595581796782,1595581796785
emergency-stop-streaming,1595581795071,1595581795149,1595581798104,1595581798108
emergency-stop-streaming,1595581795956,1595581796029,1595581798168,1595581798182
emergency-stop-table,1595581795956,1595581796029,1595581798296,1595581798315
emergency-stop-table,1595581795071,1595581795149,1595581798323,1595581798381
emergency-stop-streaming,1595581796904,1595581796933,1595581799128,1595581799141
emergency-stop-table,1595581796904,1595581796933,1595581799296,1595581799306
emergency-stop-streaming,1595581797840,1595581797963,1595581801062,1595581801074
emergency-stop-table,1595581797840,1595581797963,1595581801170,1595581801185
emergency-stop-streaming,1595581799201,1595581799384,1595581802693,1595581802709
emergency-stop-table,1595581799201,1595581799384,1595581802751,1595581802789
emergency-stop-streaming,1595581799896,1595581799949,1595581804000,1595581804013
emergency-stop-table,1595581799896,1595581799949,1595581804033,1595581804036
emergency-stop-streaming,1595581800850,1595581801045,1595581804568,1595581804583
emergency-stop-streaming,1595581802111,1595581802206,1595581804601,1595581804604
emergency-stop-table,1595581800850,1595581801045,1595581804744,1595581804775
emergency-stop-table,1595581802111,1595581802206,1595581804771,1595581804778
emergency-stop-streaming,1595581802910,1595581802926,1595581804879,1595581804883
emergency-stop-table,1595581802910,1595581802926,1595581804967,1595581804976
emergency-stop-streaming,1595581804104,1595581804159,1595581807361,1595581807375
emergency-stop-table,1595581804104,1595581804159,1595581807598,1595581807600
emergency-stop-table,1595581804978,1595581805071,1595581808066,1595581808069
emergency-stop-table,1595581806075,1595581806127,1595581808147,1595581808150
emergency-stop-streaming,1595581804978,1595581805071,1595581808270,1595581808274
emergency-stop-streaming,1595581806075,1595581806127,1595581808278,1595581808281
emergency-stop-streaming,1595581807114,1595581807176,1595581808913,1595581808950
emergency-stop-table,1595581807114,1595581807176,1595581808989,1595581808991
emergency-stop-streaming,1595581811903,1595581811992,1595581817317,1595581817325
emergency-stop-table,1595581809393,1595581809556,1595581817322,1595581817333
emergency-stop-streaming,1595581812207,1595581812246,1595581817329,1595581817338
emergency-stop-streaming,1595581814212,1595581814222,1595581817342,1595581817356
emergency-stop-streaming,1595581808023,1595581808202,1595581817357,1595581817367
emergency-stop-streaming,1595581810167,1595581810184,1595581817367,1595581817379
emergency-stop-streaming,1595581809393,1595581809556,1595581817389,1595581817391
emergency-stop-streaming,1595581813320,1595581813358,1595581817406,1595581817409
emergency-stop-table,1595581811903,1595581811992,1595581817418,1595581817445
emergency-stop-table,1595581808023,1595581808202,1595581817423,1595581817448
emergency-stop-table,1595581814212,1595581814222,1595581817438,1595581817448
emergency-stop-table,1595581812207,1595581812246,1595581817459,1595581817464
emergency-stop-table,1595581813320,1595581813358,1595581817494,1595581817512
emergency-stop-table,1595581810167,1595581810184,1595581817528,1595581817530
emergency-stop-streaming,1595581815306,1595581815380,1595581818639,1595581818644
emergency-stop-table,1595581815306,1595581815380,1595581818837,1595581818849
emergency-stop-streaming,1595581816327,1595581816333,1595581822632,1595581822646
emergency-stop-streaming,1595581817598,1595581817816,1595581822631,1595581822653
emergency-stop-table,1595581816327,1595581816333,1595581822910,1595581822926
emergency-stop-table,1595581817598,1595581817816,1595581822912,1595581822926
emergency-stop-streaming,1595581818362,1595581818419,1595581824428,1595581824439
emergency-stop-table,1595581818362,1595581818419,1595581824441,1595581824459
emergency-stop-streaming,1595581819481,1595581819498,1595581824445,1595581824461
emergency-stop-streaming,1595581820678,1595581820780,1595581824540,1595581824542
emergency-stop-streaming,1595581821326,1595581821424,1595581824550,1595581824552
emergency-stop-table,1595581820678,1595581820780,1595581824554,1595581824558
emergency-stop-table,1595581821326,1595581821424,1595581824608,1595581824610
emergency-stop-table,1595581819481,1595581819498,1595581824684,1595581824687
emergency-stop-streaming,1595581823345,1595581823364,1595581825194,1595581825257
emergency-stop-streaming,1595581822443,1595581822478,1595581825313,1595581825318
emergency-stop-table,1595581822443,1595581822478,1595581825441,1595581825473
emergency-stop-streaming,1595581824495,1595581824652,1595581825527,1595581825531
emergency-stop-table,1595581824495,1595581824652,1595581825614,1595581825617
emergency-stop-table,1595581823345,1595581823364,1595581825642,1595581825649
emergency-stop-streaming,1595581825437,1595581825625,1595581828134,1595581828137
emergency-stop-table,1595581825437,1595581825625,1595581828177,1595581828179
emergency-stop-streaming,1595581826386,1595581826453,1595581829987,1595581829998
emergency-stop-table,1595581826386,1595581826453,1595581830150,1595581830160
emergency-stop-table,1595581827500,1595581827505,1595581832047,1595581832055
emergency-stop-streaming,1595581827500,1595581827505,1595581832067,1595581832070
emergency-stop-table,1595581830398,1595581830537,1595581833402,1595581833412
emergency-stop-table,1595581828512,1595581828524,1595581833419,1595581833425
emergency-stop-streaming,1595581830398,1595581830537,1595581833487,1595581833491
emergency-stop-streaming,1595581829460,1595581829558,1595581833495,1595581833509
emergency-stop-table,1595581829460,1595581829558,1595581833543,1595581833555
emergency-stop-streaming,1595581828512,1595581828524,1595581833583,1595581833593
delay-statistics,1595581756090,1595581756188,1595581834349,1595581834359
delay-statistics,1595581574268,1595581574351,1595581834350,1595581834359
delay-statistics,1595581565983,1595581566101,1595581834350,1595581834359
delay-statistics,1595581750021,1595581750117,1595581834350,1595581834359
delay-statistics,1595581690106,1595581690171,1595581834350,1595581834359
delay-statistics,1595581658079,1595581658185,1595581834351,1595581834359
delay-statistics,1595581736209,1595581736280,1595581834351,1595581834359
delay-statistics,1595581682867,1595581683000,1595581834352,1595581834359
delay-statistics,1595581601597,1595581601654,1595581834352,1595581834359
delay-statistics,1595581643178,1595581643228,1595581834353,1595581834359
delay-statistics,1595581716093,1595581716143,1595581834337,1595581834364
delay-statistics,1595581678739,1595581678773,1595581834337,1595581834364
delay-statistics,1595581761125,1595581761133,1595581834338,1595581834364
delay-statistics,1595581681781,1595581681877,1595581834338,1595581834364
delay-statistics,1595581730490,1595581730562,1595581834338,1595581834364
delay-statistics,1595581652837,1595581652938,1595581834339,1595581834364
delay-statistics,1595581703333,1595581703435,1595581834340,1595581834364
delay-statistics,1595581553234,1595581553337,1595581834340,1595581834364
delay-statistics,1595581755454,1595581755504,1595581834341,1595581834365
delay-statistics,1595581651455,1595581651520,1595581834341,1595581834365
delay-statistics,1595581720420,1595581720493,1595581834342,1595581834365
delay-statistics,1595581697315,1595581697356,1595581834342,1595581834365
delay-statistics,1595581689091,1595581689208,1595581834343,1595581834365
delay-statistics,1595581753026,1595581753106,1595581834343,1595581834365
delay-statistics,1595581691862,1595581691931,1595581834343,1595581834365
delay-statistics,1595581625203,1595581625250,1595581834343,1595581834365
delay-statistics,1595581649367,1595581649379,1595581834343,1595581834365
delay-statistics,1595581680913,1595581680974,1595581834343,1595581834365
delay-statistics,1595581665719,1595581665777,1595581834343,1595581834365
delay-statistics,1595581580228,1595581580258,1595581834344,1595581834365
delay-statistics,1595581770323,1595581770381,1595581834344,1595581834365
delay-statistics,1595581618818,1595581618826,1595581834344,1595581834365
delay-statistics,1595581590314,1595581590397,1595581834344,1595581834365
delay-statistics,1595581702360,1595581702396,1595581834344,1595581834365
delay-statistics,1595581572301,1595581572472,1595581834345,1595581834365
delay-statistics,1595581623704,1595581623777,1595581834345,1595581834365
delay-statistics,1595581608740,1595581608859,1595581834345,1595581834365
delay-statistics,1595581745976,1595581746087,1595581834346,1595581834366
delay-statistics,1595581740709,1595581740800,1595581834346,1595581834366
delay-statistics,1595581646265,1595581646273,1595581834346,1595581834366
delay-statistics,1595581659401,1595581659597,1595581834346,1595581834366
delay-statistics,1595581561984,1595581562134,1595581834347,1595581834366
delay-statistics,1595581694624,1595581694777,1595581834347,1595581834366
delay-statistics,1595581705717,1595581705802,1595581834347,1595581834366
delay-statistics,1595581745039,1595581745055,1595581834347,1595581834366
delay-statistics,1595581722354,1595581722449,1595581834347,1595581834366
delay-statistics,1595581568380,1595581568466,1595581834347,1595581834366
delay-statistics,1595581762289,1595581762421,1595581834347,1595581834366
delay-statistics,1595581664899,1595581664908,1595581834347,1595581834366
delay-statistics,1595581706351,1595581706366,1595581834348,1595581834366
delay-statistics,1595581776435,1595581776497,1595581834348,1595581834366
delay-statistics,1595581766266,1595581766294,1595581834349,1595581834366
delay-statistics,1595581713264,1595581713331,1595581834347,1595581834366
delay-statistics,1595581579145,1595581579221,1595581834347,1595581834366
delay-statistics,1595581680074,1595581680142,1595581834348,1595581834366
delay-statistics,1595581714186,1595581714207,1595581834348,1595581834366
delay-statistics,1595581599557,1595581599751,1595581834348,1595581834366
delay-statistics,1595581648888,1595581648948,1595581834348,1595581834366
delay-statistics,1595581774411,1595581774458,1595581834348,1595581834367
delay-statistics,1595581742951,1595581743037,1595581834349,1595581834367
delay-statistics,1595581728659,1595581728664,1595581834350,1595581834367
delay-statistics,1595581772407,1595581772455,1595581834350,1595581834367
delay-statistics,1595581564840,1595581564909,1595581834350,1595581834367
delay-statistics,1595581545074,1595581545095,1595581834350,1595581834367
delay-statistics,1595581631976,1595581632028,1595581834351,1595581834367
delay-statistics,1595581550236,1595581550394,1595581834351,1595581834367
delay-statistics,1595581639005,1595581639213,1595581834351,1595581834367
delay-statistics,1595581576028,1595581576120,1595581834352,1595581834367
delay-statistics,1595581591731,1595581591875,1595581834352,1595581834367
delay-statistics,1595581715377,1595581715469,1595581834352,1595581834367
delay-statistics,1595581581068,1595581581121,1595581834353,1595581834367
delay-statistics,1595581586521,1595581586533,1595581834353,1595581834367
delay-statistics,1595581588677,1595581588690,1595581834353,1595581834367
delay-statistics,1595581698849,1595581698867,1595581834353,1595581834367
delay-statistics,1595581773394,1595581773522,1595581834354,1595581834368
delay-statistics,1595581626742,1595581626764,1595581834354,1595581834368
delay-statistics,1595581613735,1595581613743,1595581834354,1595581834368
delay-statistics,1595581671823,1595581671884,1595581834354,1595581834368
delay-statistics,1595581708327,1595581708384,1595581834354,1595581834368
delay-statistics,1595581754165,1595581754174,1595581834354,1595581834368
delay-statistics,1595581629180,1595581629380,1595581834355,1595581834368
delay-statistics,1595581765261,1595581765301,1595581834355,1595581834368
delay-statistics,1595581686856,1595581686887,1595581834356,1595581834368
delay-statistics,1595581600869,1595581600957,1595581834356,1595581834368
delay-statistics,1595581627958,1595581628017,1595581834356,1595581834368
delay-statistics,1595581562662,1595581562709,1595581834337,1595581834373
delay-statistics,1595581768372,1595581768448,1595581834337,1595581834373
delay-statistics,1595581775475,1595581775491,1595581834337,1595581834373
delay-statistics,1595581570031,1595581570191,1595581834338,1595581834373
delay-statistics,1595581548559,1595581548793,1595581834338,1595581834373
delay-statistics,1595581726460,1595581726546,1595581834339,1595581834373
delay-statistics,1595581704005,1595581704152,1595581834339,1595581834373
delay-statistics,1595581771345,1595581771431,1595581834339,1595581834373
delay-statistics,1595581554679,1595581554685,1595581834339,1595581834373
delay-statistics,1595581536352,1595581537191,1595581834339,1595581834373
delay-statistics,1595581595355,1595581595429,1595581834339,1595581834373
delay-statistics,1595581707276,1595581707284,1595581834340,1595581834374
delay-statistics,1595581596774,1595581596782,1595581834340,1595581834374
delay-statistics,1595581615719,1595581615922,1595581834340,1595581834374
delay-statistics,1595581729599,1595581729609,1595581834340,1595581834374
delay-statistics,1595581585242,1595581585296,1595581834340,1595581834374
delay-statistics,1595581712391,1595581712441,1595581834341,1595581834374
delay-statistics,1595581748056,1595581748091,1595581834341,1595581834374
delay-statistics,1595581563870,1595581564211,1595581834341,1595581834374
delay-statistics,1595581769243,1595581769252,1595581834341,1595581834374
delay-statistics,1595581604596,1595581604700,1595581834341,1595581834374
delay-statistics,1595581711591,1595581711624,1595581834341,1595581834374
delay-statistics,1595581760115,1595581760140,1595581834342,1595581834374
delay-statistics,1595581641273,1595581641338,1595581834342,1595581834374
delay-statistics,1595581748978,1595581749054,1595581834342,1595581834374
delay-statistics,1595581733500,1595581733567,1595581834343,1595581834374
delay-statistics,1595581695947,1595581695960,1595581834343,1595581834374
delay-statistics,1595581655965,1595581655979,1595581834343,1595581834374
delay-statistics,1595581764186,1595581764225,1595581834343,1595581834374
delay-statistics,1595581609593,1595581609647,1595581834344,1595581834374
delay-statistics,1595581653534,1595581653612,1595581834344,1595581834374
delay-statistics,1595581606515,1595581606536,1595581834344,1595581834374
delay-statistics,1595581701245,1595581701318,1595581834345,1595581834375
delay-statistics,1595581763294,1595581763344,1595581834345,1595581834375
delay-statistics,1595581690957,1595581691030,1595581834345,1595581834375
delay-statistics,1595581654375,1595581654438,1595581834346,1595581834375
delay-statistics,1595581552459,1595581552479,1595581834346,1595581834375
delay-statistics,1595581650486,1595581650557,1595581834346,1595581834375
delay-statistics,1595581555615,1595581555718,1595581834347,1595581834375
delay-statistics,1595581777442,1595581777516,1595581834347,1595581834375
delay-statistics,1595581584304,1595581584398,1595581834356,1595581834375
delay-statistics,1595581724431,1595581724496,1595581834357,1595581834375
delay-statistics,1595581617552,1595581617569,1595581834357,1595581834375
delay-statistics,1595581616733,1595581616751,1595581834357,1595581834375
delay-statistics,1595581663550,1595581663603,1595581834357,1595581834375
delay-statistics,1595581569119,1595581569140,1595581834357,1595581834375
delay-statistics,1595581685171,1595581685188,1595581834358,1595581834375
delay-statistics,1595581546041,1595581546090,1595581834358,1595581834375
delay-statistics,1595581544138,1595581544147,1595581834355,1595581834375
delay-statistics,1595581636188,1595581636266,1595581834356,1595581834376
delay-statistics,1595581633983,1595581634069,1595581834358,1595581834376
delay-statistics,1595581668800,1595581668855,1595581834359,1595581834376
delay-statistics,1595581751182,1595581751290,1595581834359,1595581834376
delay-statistics,1595581540374,1595581540393,1595581834359,1595581834376
delay-statistics,1595581583491,1595581583511,1595581834359,1595581834376
delay-statistics,1595581674537,1595581674561,1595581834360,1595581834376
delay-statistics,1595581582045,1595581582097,1595581834360,1595581834376
delay-statistics,1595581737806,1595581737814,1595581834360,1595581834376
delay-statistics,1595581778644,1595581778702,1595581834360,1595581834376
delay-statistics,1595581561033,1595581561042,1595581834361,1595581834376
delay-statistics,1595581699224,1595581699294,1595581834361,1595581834376
delay-statistics,1595581661603,1595581661658,1595581834361,1595581834376
delay-statistics,1595581731561,1595581731684,1595581834361,1595581834376
delay-statistics,1595581556567,1595581556630,1595581834361,1595581834376
delay-statistics,1595581672538,1595581672597,1595581834361,1595581834376
delay-statistics,1595581578259,1595581578328,1595581834362,1595581834377
delay-statistics,1595581623183,1595581623265,1595581834362,1595581834377
delay-statistics,1595581602799,1595581602893,1595581834362,1595581834377
delay-statistics,1595581670625,1595581670766,1595581834362,1595581834377
delay-statistics,1595581687899,1595581687998,1595581834362,1595581834377
delay-statistics,1595581631081,1595581631138,1595581834363,1595581834377
delay-statistics,1595581732670,1595581732722,1595581834363,1595581834377
delay-statistics,1595581734736,1595581734809,1595581834363,1595581834377
delay-statistics,1595581752262,1595581752267,1595581834363,1595581834377
delay-statistics,1595581537356,1595581538265,1595581834363,1595581834377
delay-statistics,1595581592594,1595581592711,1595581834363,1595581834377
delay-statistics,1595581587183,1595581587269,1595581834363,1595581834377
delay-statistics,1595581710220,1595581710228,1595581834363,1595581834377
delay-statistics,1595581559882,1595581559935,1595581834364,1595581834377
delay-statistics,1595581567626,1595581567710,1595581834364,1595581834377
delay-statistics,1595581594268,1595581594289,1595581834364,1595581834377
delay-statistics,1595581626017,1595581626077,1595581834364,1595581834377
delay-statistics,1595581739125,1595581739194,1595581834364,1595581834377
delay-statistics,1595581675851,1595581675891,1595581834364,1595581834377
delay-statistics,1595581605440,1595581605503,1595581834365,1595581834377
delay-statistics,1595581717378,1595581717433,1595581834365,1595581834377
delay-statistics,1595581725287,1595581725347,1595581834365,1595581834377
delay-statistics,1595581736731,1595581736805,1595581834365,1595581834377
delay-statistics,1595581658533,1595581658591,1595581834365,1595581834377
delay-statistics,1595581742064,1595581742163,1595581834365,1595581834378
delay-statistics,1595581677837,1595581677996,1595581834366,1595581834378
delay-statistics,1595581635216,1595581635281,1595581834366,1595581834378
delay-statistics,1595581577654,1595581577749,1595581834366,1595581834378
delay-statistics,1595581700311,1595581700406,1595581834366,1595581834378
delay-statistics,1595581759092,1595581759142,1595581834366,1595581834378
delay-statistics,1595581597495,1595581597509,1595581834366,1595581834378
delay-statistics,1595581743841,1595581743891,1595581834366,1595581834378
delay-statistics,1595581644244,1595581644298,1595581834366,1595581834378
delay-statistics,1595581540875,1595581540951,1595581834358,1595581834383
delay-statistics,1595581673613,1595581673658,1595581834359,1595581834383
delay-statistics,1595581685850,1595581685925,1595581834359,1595581834383
delay-statistics,1595581709248,1595581709263,1595581834359,1595581834383
delay-statistics,1595581534302,1595581535320,1595581834359,1595581834384
delay-statistics,1595581666646,1595581666711,1595581834359,1595581834384
delay-statistics,1595581603622,1595581603677,1595581834360,1595581834384
delay-statistics,1595581645191,1595581645285,1595581834360,1595581834384
delay-statistics,1595581541993,1595581542014,1595581834360,1595581834384
delay-statistics,1595581669850,1595581669895,1595581834360,1595581834384
delay-statistics,1595581538884,1595581539706,1595581834360,1595581834384
delay-statistics,1595581660946,1595581660966,1595581834361,1595581834384
delay-statistics,1595581719187,1595581719191,1595581834361,1595581834384
delay-statistics,1595581718396,1595581718410,1595581834362,1595581834384
delay-statistics,1595581547586,1595581547687,1595581834362,1595581834384
delay-statistics,1595581575279,1595581575400,1595581834363,1595581834384
delay-statistics,1595581558873,1595581559042,1595581834363,1595581834384
delay-statistics,1595581620816,1595581620900,1595581834363,1595581834384
delay-statistics,1595581632998,1595581633014,1595581834363,1595581834384
delay-statistics,1595581598467,1595581598604,1595581834363,1595581834384
delay-statistics,1595581676858,1595581677158,1595581834367,1595581834395
delay-statistics,1595581767250,1595581767316,1595581834367,1595581834395
delay-statistics,1595581611774,1595581611835,1595581834367,1595581834396
delay-statistics,1595581728245,1595581728478,1595581834367,1595581834396
delay-statistics,1595581637170,1595581637237,1595581834368,1595581834396
delay-statistics,1595581640343,1595581640418,1595581834368,1595581834396
delay-statistics,1595581558209,1595581558266,1595581834368,1595581834396
delay-statistics,1595581589367,1595581589428,1595581834362,1595581834396
delay-statistics,1595581535264,1595581535603,1595581834362,1595581834396
delay-statistics,1595581549533,1595581549589,1595581834362,1595581834396
delay-statistics,1595581614641,1595581614684,1595581834362,1595581834396
delay-statistics,1595581621810,1595581621863,1595581834363,1595581834396
delay-statistics,1595581551041,1595581551084,1595581834363,1595581834396
delay-statistics,1595581746997,1595581747068,1595581834363,1595581834396
delay-statistics,1595581739787,1595581740066,1595581834363,1595581834396
delay-statistics,1595581667837,1595581667976,1595581834363,1595581834396
delay-statistics,1595581543236,1595581543248,1595581834364,1595581834396
delay-statistics,1595581692955,1595581693205,1595581834364,1595581834396
delay-statistics,1595581612700,1595581612755,1595581834364,1595581834396
delay-statistics,1595581593314,1595581593333,1595581834364,1595581834396
delay-statistics,1595581723251,1595581723512,1595581834364,1595581834396
delay-statistics,1595581630238,1595581630254,1595581834365,1595581834396
delay-statistics,1595581758282,1595581758399,1595581834365,1595581834397
delay-statistics,1595581573048,1595581573126,1595581834365,1595581834397
delay-statistics,1595581757068,1595581757139,1595581834365,1595581834397
delay-statistics,1595581620267,1595581620287,1595581834365,1595581834397
delay-statistics,1595581610510,1595581610572,1595581834365,1595581834397
delay-statistics,1595581647298,1595581647858,1595581834365,1595581834397
delay-statistics,1595581638409,1595581638441,1595581834365,1595581834397
delay-statistics,1595581695173,1595581695290,1595581834365,1595581834397
delay-statistics,1595581656388,1595581656476,1595581834366,1595581834397
delay-statistics,1595581570933,1595581571010,1595581834366,1595581834397
delay-statistics,1595581721634,1595581721714,1595581834367,1595581834397
delay-statistics,1595581683721,1595581683757,1595581834367,1595581834397
delay-statistics,1595581607640,1595581607704,1595581834367,1595581834397
delay-statistics,1595581642177,1595581642195,1595581834368,1595581834397
delay-statistics,1595581662370,1595581662442,1595581834368,1595581834397
emergency-stop-table,1595581831388,1595581831426,1595581834404,1595581834414
emergency-stop-streaming,1595581831388,1595581831426,1595581834558,1595581834569
emergency-stop-streaming,1595581833623,1595581833689,1595581834980,1595581834992
emergency-stop-streaming,1595581832491,1595581832534,1595581834988,1595581834994
emergency-stop-table,1595581832491,1595581832534,1595581835023,1595581835035
emergency-stop-table,1595581833623,1595581833689,1595581835084,1595581835091
emergency-stop-table,1595581836479,1595581836604,1595581838410,1595581838419
emergency-stop-streaming,1595581835660,1595581835826,1595581838424,1595581838434
emergency-stop-table,1595581835660,1595581835826,1595581838460,1595581838471
emergency-stop-table,1595581834677,1595581834700,1595581838460,1595581838473
emergency-stop-streaming,1595581836479,1595581836604,1595581838477,1595581838496
emergency-stop-streaming,1595581834677,1595581834700,1595581838499,1595581838502
emergency-stop-table,1595581839473,1595581839509,1595581841800,1595581841804
emergency-stop-table,1595581838559,1595581838646,1595581841806,1595581841809
emergency-stop-streaming,1595581837668,1595581837707,1595581841826,1595581841837
emergency-stop-streaming,1595581839473,1595581839509,1595581841904,1595581841911
emergency-stop-streaming,1595581838559,1595581838646,1595581841916,1595581841918
emergency-stop-table,1595581837668,1595581837707,1595581841975,1595581841983
emergency-stop-streaming,1595581840604,1595581840620,1595581842649,1595581842659
emergency-stop-table,1595581840604,1595581840620,1595581842657,1595581842668
emergency-stop-streaming,1595581841501,1595581841519,1595581842959,1595581842968
emergency-stop-table,1595581841501,1595581841519,1595581843043,1595581843046
emergency-stop-streaming,1595581842653,1595581842705,1595581845532,1595581845545
emergency-stop-table,1595581842653,1595581842705,1595581845631,1595581845645
emergency-stop-streaming,1595581844764,1595581844830,1595581846270,1595581846283
emergency-stop-streaming,1595581843721,1595581843805,1595581846271,1595581846285
emergency-stop-table,1595581843721,1595581843805,1595581846469,1595581846476
emergency-stop-table,1595581844764,1595581844830,1595581846598,1595581846603
emergency-stop-streaming,1595581845615,1595581845654,1595581848371,1595581848374
emergency-stop-table,1595581845615,1595581845654,1595581848347,1595581848376
emergency-stop-streaming,1595581847628,1595581847680,1595581849954,1595581849969
emergency-stop-streaming,1595581846806,1595581846832,1595581849998,1595581850016
emergency-stop-table,1595581847628,1595581847680,1595581850162,1595581850170
emergency-stop-table,1595581846806,1595581846832,1595581850224,1595581850250
emergency-stop-table,1595581848958,1595581849010,1595581852579,1595581852583
emergency-stop-streaming,1595581848958,1595581849010,1595581852613,1595581852640
emergency-stop-table,1595581851792,1595581851832,1595581852896,1595581852899
emergency-stop-streaming,1595581850750,1595581850769,1595581852902,1595581852904
emergency-stop-table,1595581849914,1595581849994,1595581852956,1595581852986
emergency-stop-table,1595581850750,1595581850769,1595581852983,1595581852986
emergency-stop-streaming,1595581851792,1595581851832,1595581852960,1595581852989
emergency-stop-streaming,1595581849914,1595581849994,1595581853112,1595581853125
emergency-stop-table,1595581852760,1595581852771,1595581855869,1595581855874
emergency-stop-streaming,1595581852760,1595581852771,1595581856028,1595581856040
emergency-stop-streaming,1595581854017,1595581854094,1595581858211,1595581858214
emergency-stop-streaming,1595581856878,1595581856936,1595581858321,1595581858326
emergency-stop-streaming,1595581854791,1595581854845,1595581858341,1595581858345
emergency-stop-table,1595581856878,1595581856936,1595581858345,1595581858349
emergency-stop-table,1595581854791,1595581854845,1595581858374,1595581858377
emergency-stop-streaming,1595581855823,1595581855979,1595581858424,1595581858430
emergency-stop-table,1595581855823,1595581855979,1595581858504,1595581858527
emergency-stop-table,1595581854017,1595581854094,1595581858643,1595581858661
emergency-stop-streaming,1595581857846,1595581857863,1595581860666,1595581860669
emergency-stop-table,1595581857846,1595581857863,1595581860830,1595581860843
emergency-stop-streaming,1595581858918,1595581858964,1595581862074,1595581862080
emergency-stop-table,1595581858918,1595581858964,1595581862205,1595581862214
emergency-stop-streaming,1595581859937,1595581860101,1595581862599,1595581862697
emergency-stop-table,1595581859937,1595581860101,1595581862732,1595581862750
emergency-stop-streaming,1595581860974,1595581861142,1595581862994,1595581863030
emergency-stop-table,1595581860974,1595581861142,1595581863144,1595581863151
emergency-stop-table,1595581862009,1595581862094,1595581863992,1595581863999
emergency-stop-streaming,1595581862009,1595581862094,1595581864056,1595581864059
emergency-stop-table,1595581862879,1595581862890,1595581866084,1595581866089
emergency-stop-streaming,1595581862879,1595581862890,1595581866152,1595581866155
emergency-stop-streaming,1595581863909,1595581864015,1595581867012,1595581867022
emergency-stop-table,1595581863909,1595581864015,1595581867063,1595581867065
emergency-stop-table,1595581864934,1595581865024,1595581867508,1595581867524
emergency-stop-streaming,1595581864934,1595581865024,1595581867657,1595581867660
emergency-stop-streaming,1595581868247,1595581868262,1595581869671,1595581869674
emergency-stop-table,1595581868247,1595581868262,1595581869736,1595581869738
emergency-stop-streaming,1595581867011,1595581867067,1595581869745,1595581869748
emergency-stop-streaming,1595581866091,1595581866106,1595581869789,1595581869796
emergency-stop-table,1595581866091,1595581866106,1595581869788,1595581869796
emergency-stop-table,1595581867011,1595581867067,1595581869891,1595581869893
emergency-stop-table,1595581869031,1595581869149,1595581870743,1595581870751
emergency-stop-streaming,1595581869031,1595581869149,1595581870781,1595581870826
emergency-stop-streaming,1595581871999,1595581872021,1595581873330,1595581873337
emergency-stop-streaming,1595581869957,1595581869988,1595581873317,1595581873338
emergency-stop-table,1595581869957,1595581869988,1595581873332,1595581873340
emergency-stop-streaming,1595581871032,1595581871117,1595581873372,1595581873377
emergency-stop-table,1595581871032,1595581871117,1595581873374,1595581873380
emergency-stop-table,1595581871999,1595581872021,1595581873444,1595581873447
emergency-stop-streaming,1595581872963,1595581873042,1595581875862,1595581875876
emergency-stop-table,1595581872963,1595581873042,1595581876067,1595581876069
emergency-stop-streaming,1595581873955,1595581874012,1595581877904,1595581877912
emergency-stop-table,1595581873955,1595581874012,1595581877933,1595581877963
emergency-stop-table,1595581875111,1595581875195,1595581878846,1595581878856
emergency-stop-streaming,1595581877263,1595581877273,1595581878882,1595581878900
emergency-stop-streaming,1595581876291,1595581876327,1595581879006,1595581879009
emergency-stop-table,1595581876291,1595581876327,1595581879072,1595581879085
emergency-stop-streaming,1595581875111,1595581875195,1595581879075,1595581879088
emergency-stop-table,1595581877263,1595581877273,1595581879209,1595581879212
emergency-stop-table,1595581878215,1595581878281,1595581883679,1595581883687
emergency-stop-table,1595581880147,1595581880172,1595581883709,1595581883722
emergency-stop-table,1595581879148,1595581879243,1595581883810,1595581883816
emergency-stop-streaming,1595581878215,1595581878281,1595581883803,1595581883817
emergency-stop-streaming,1595581880147,1595581880172,1595581883844,1595581883866
emergency-stop-streaming,1595581879148,1595581879243,1595581883955,1595581883957
emergency-stop-streaming,1595581882236,1595581882285,1595581884197,1595581884203
emergency-stop-table,1595581881152,1595581881200,1595581884197,1595581884209
emergency-stop-table,1595581882236,1595581882285,1595581884233,1595581884252
emergency-stop-streaming,1595581881152,1595581881200,1595581884264,1595581884289
emergency-stop-streaming,1595581883183,1595581883193,1595581886044,1595581886066
emergency-stop-table,1595581883183,1595581883193,1595581886264,1595581886266
emergency-stop-streaming,1595581884248,1595581884304,1595581887224,1595581887241
emergency-stop-table,1595581884248,1595581884304,1595581887270,1595581887272
emergency-stop-streaming,1595581885295,1595581885392,1595581887438,1595581887487
emergency-stop-table,1595581885295,1595581885392,1595581887498,1595581887500
emergency-stop-streaming,1595581886276,1595581886350,1595581887821,1595581887835
emergency-stop-table,1595581886276,1595581886350,1595581887975,1595581887986
emergency-stop-streaming,1595581887359,1595581887398,1595581891060,1595581891076
emergency-stop-streaming,1595581888342,1595581888396,1595581891078,1595581891094
emergency-stop-table,1595581888342,1595581888396,1595581891307,1595581891324
emergency-stop-table,1595581887359,1595581887398,1595581891399,1595581891407
emergency-stop-streaming,1595581890343,1595581890502,1595581891702,1595581891712
emergency-stop-streaming,1595581889395,1595581889928,1595581891753,1595581891760
emergency-stop-table,1595581890343,1595581890502,1595581891820,1595581891830
emergency-stop-table,1595581889395,1595581889928,1595581891896,1595581891906
emergency-stop-streaming,1595581892290,1595581892358,1595581893465,1595581893468
emergency-stop-streaming,1595581891251,1595581891420,1595581893467,1595581893473
emergency-stop-table,1595581891251,1595581891420,1595581893527,1595581893531
emergency-stop-table,1595581892290,1595581892358,1595581893730,1595581893737
emergency-stop-streaming,1595581894395,1595581894456,1595581899289,1595581899291
emergency-stop-streaming,1595581893376,1595581893489,1595581899282,1595581899318
emergency-stop-streaming,1595581895437,1595581895449,1595581899309,1595581899335
emergency-stop-table,1595581893376,1595581893489,1595581899323,1595581899338
emergency-stop-table,1595581895437,1595581895449,1595581899356,1595581899369
emergency-stop-table,1595581894395,1595581894456,1595581899405,1595581899408
emergency-stop-streaming,1595581896349,1595581896392,1595581899561,1595581899569
emergency-stop-table,1595581896349,1595581896392,1595581899600,1595581899604
emergency-stop-streaming,1595581897443,1595581897487,1595581900086,1595581900124
emergency-stop-table,1595581897443,1595581897487,1595581900222,1595581900233
emergency-stop-table,1595581898330,1595581898428,1595581900603,1595581900632
emergency-stop-table,1595581899497,1595581899509,1595581900742,1595581900757
emergency-stop-streaming,1595581898330,1595581898428,1595581900984,1595581900986
emergency-stop-streaming,1595581899497,1595581899509,1595581901054,1595581901060
